{
  "status": "PASS",
  "protocol": "v5_3_single_host_preflight",
  "source_commit": "4ff21dd4ad4e4a4f9b395191262c8a9590232855",
  "tau2_commit": "fc0055dc4e0a316c3f83133267fbd6faaa770992",
  "split_manifest_sha256": "a9fa1d0bec1f9eca500b63745ee7d405b4fc168a6f56b54806f6dea5fa67524a",
  "expected_gpu_model": "NVIDIA GeForce RTX 5090",
  "gpus": [
    {
      "index": 0,
      "name": "NVIDIA GeForce RTX 5090",
      "memory_mib": 32607,
      "driver": "580.126.09"
    },
    {
      "index": 1,
      "name": "NVIDIA GeForce RTX 5090",
      "memory_mib": 32607,
      "driver": "580.126.09"
    },
    {
      "index": 2,
      "name": "NVIDIA GeForce RTX 5090",
      "memory_mib": 32607,
      "driver": "580.126.09"
    },
    {
      "index": 3,
      "name": "NVIDIA GeForce RTX 5090",
      "memory_mib": 32607,
      "driver": "580.126.09"
    }
  ],
  "free_disk_gib": 96.76,
  "ports_free": [
    8001,
    8011,
    8012,
    8013,
    8100,
    8101,
    8102,
    8103
  ],
  "environments": {
    "serve": {
      "python": "3.12.3",
      "transformers": "4.55.4",
      "vllm": "0.10.2"
    },
    "train": {
      "python": "3.12.3",
      "torch": "2.7.1+cu128",
      "cuda": "12.8",
      "cuda_available": true,
      "bf16_supported": true,
      "transformers": "4.52.4",
      "tau2": "installed",
      "peft": "0.15.2",
      "bitsandbytes": "0.46.0",
      "datasets": "3.6.0",
      "accelerate": "1.7.0"
    }
  },
  "official_test_used": false
}
[run] /workspace/venvs/v5-2-train/bin/python -m pytest -q tests/test_v5_3_12h_generation.py tests/test_v5_3_12h_protocol.py tests/test_v5_3_12h_screen.py tests/test_v5_3_12h_supervisor.py tests/test_v5_3_feasibility.py tests/test_v5_3_judge_protocol.py tests/test_v5_3_manifests.py tests/test_v5_3_sft_causal_data.py tests/test_v5_3_single_host.py tests/test_v5_3_train_only_pilot.py tests/test_v5_checkpoint_registry.py tests/test_v5_dynamic_audit.py tests/test_v5_sft_causal_data.py tests/test_v5_sft_causal_eval.py tests/test_v5_sft_causal_generation.py tests/test_v5_sft_causal_runner.py tests/test_v5_sft_causal_train.py tests/test_v5_stage1_manifests.py
[run] /workspace/venvs/v5-2-serve/bin/python -c from huggingface_hub import snapshot_download;import sys;snapshot_download(repo_id=sys.argv[1],revision=sys.argv[2]) Qwen/Qwen2.5-32B-Instruct-AWQ 5c7cb76a268fc6cfbb9c4777eb24ba6e27f9ee6c
[run] /workspace/venvs/v5-2-serve/bin/python -c from huggingface_hub import snapshot_download;import sys;snapshot_download(repo_id=sys.argv[1],revision=sys.argv[2]) Qwen/Qwen2.5-14B-Instruct-AWQ 539535859b135b0244c91f3e59816150c8056698
[run] /workspace/venvs/v5-2-train/bin/python -c from huggingface_hub import snapshot_download;import sys;snapshot_download(repo_id=sys.argv[1],revision=sys.argv[2]) Qwen/Qwen2.5-7B-Instruct a09a35458c702b33eeacc393d103063234e8bc28
[run] /workspace/venvs/v5-2-serve/bin/python scripts/prepare_v5_3_manifests.py --tau2-root /workspace/repos/recovery-aware-trajectory-selection/data/raw/tau2-bench --split-manifest artifacts/v5_stage0/manifests/split_manifest.json --output-dir /workspace/repos/recovery-aware-trajectory-selection/data/processed/v5_3_12h_screen_protocol --seed 20260722
{
  "status": "PASS",
  "protocol": "v5_multifamily_readonly_faults_v1",
  "claim_scope": "multi_fault_family_post_fault_robustness_screen",
  "family_level_inference": "descriptive_only",
  "historical_split_sha256": "a9fa1d0bec1f9eca500b63745ee7d405b4fc168a6f56b54806f6dea5fa67524a",
  "official_test_used": false,
  "invalid_parameter_count": 104,
  "invalid_parameters_unique": true,
  "generation": {
    "retail": {
      "tasks": 59,
      "fault_family_counts": {
        "retail_missing_order_id": 15,
        "retail_missing_product_id": 15,
        "retail_missing_user_email": 15,
        "retail_missing_user_id": 14
      },
      "tool_counts": {
        "find_user_id_by_email": 15,
        "get_order_details": 15,
        "get_product_details": 15,
        "get_user_details": 14
      },
      "on_reference_path": 22,
      "fault_relevance_counts": {
        "domain_plausible_fallback": 1,
        "reference_path_or_operation_aligned": 58
      }
    },
    "airline": {
      "tasks": 24,
      "fault_family_counts": {
        "airline_missing_flight_number": 8,
        "airline_missing_reservation_id": 8,
        "airline_missing_user_id": 8
      },
      "tool_counts": {
        "get_flight_status": 8,
        "get_reservation_details": 8,
        "get_user_details": 8
      },
      "on_reference_path": 10,
      "fault_relevance_counts": {
        "domain_plausible_fallback": 4,
        "reference_path_or_operation_aligned": 20
      }
    }
  },
  "validation": {
    "retail": {
      "tasks": 15,
      "fault_family_counts": {
        "retail_missing_order_id": 3,
        "retail_missing_product_id": 4,
        "retail_missing_user_email": 4,
        "retail_missing_user_id": 4
      },
      "tool_counts": {
        "find_user_id_by_email": 4,
        "get_order_details": 3,
        "get_product_details": 4,
        "get_user_details": 4
      },
      "on_reference_path": 5,
      "fault_relevance_counts": {
        "domain_plausible_fallback": 2,
        "reference_path_or_operation_aligned": 13
      }
    },
    "airline": {
      "tasks": 6,
      "fault_family_counts": {
        "airline_missing_flight_number": 1,
        "airline_missing_reservation_id": 2,
        "airline_missing_user_id": 3
      },
      "tool_counts": {
        "get_flight_status": 1,
        "get_reservation_details": 2,
        "get_user_details": 3
      },
      "on_reference_path": 4,
      "fault_relevance_counts": {
        "domain_plausible_fallback": 1,
        "reference_path_or_operation_aligned": 5
      }
    }
  },
  "generation_manifest_sha256": "2896515bee828f6faed05b521eb975ae78535032ad63b95f677ff82578aeb3b4",
  "validation_manifest_sha256": "eb5a1b12cd0fb39c90641c0962c7eb7949cd580ecef78593a56785692d8b5116",
  "v5_3_generation_universe": {
    "protocol": "v5_3_multifault_data_construction",
    "source_tasks": 83,
    "included_tasks": 78,
    "excluded_tasks": 5,
    "gt_compatibility_filter": {
      "protocol": "v5_3_gt_compatibility_filter_v1",
      "policy": "exclude_before_sharding",
      "teacher_mode": "ground_truth",
      "source_task_count": 83,
      "included_task_count": 78,
      "excluded_task_ids": [
        "airline:0",
        "airline:10",
        "airline:28",
        "airline:34",
        "retail:24"
      ],
      "exclusion_reason": "no_expected_tool_actions",
      "selection_uses_rollouts_rewards_validation_or_test": false,
      "official_test_used": false
    }
  }
}
[run] /workspace/venvs/v5-2-serve/bin/python scripts/verify_v5_stage0_injections.py --tau2-root /workspace/repos/recovery-aware-trajectory-selection/data/raw/tau2-bench --split-manifest artifacts/v5_stage0/manifests/split_manifest.json --manifest /workspace/repos/recovery-aware-trajectory-selection/data/processed/v5_3_12h_screen_protocol/generation_manifest.json --output /workspace/repos/recovery-aware-trajectory-selection/data/processed/v5_3_12h_screen_protocol/generation_dynamic_audit.json
2026-07-26 15:22:26.983 | WARNING  | tau2.utils.utils:<module>:15 - No .env file found
2026-07-26 15:22:26.983 | INFO     | tau2.utils.utils:<module>:28 - Using data directory from source: /workspace/repos/recovery-aware-trajectory-selection/data/raw/tau2-bench/data
2026-07-26 15:22:28.785 | INFO     | tau2.utils.llm_utils:<module>:102 - LiteLLM: Cache is disabled
2026-07-26 15:22:28.848 | DEBUG    | tau2.registry:<module>:281 - Registering default components...
2026-07-26 15:22:28.850 | DEBUG    | tau2.registry:<module>:292 - Voice dependencies not installed, skipping voice user registration
2026-07-26 15:22:28.850 | DEBUG    | tau2.registry:<module>:350 - Default components registered successfully. Registry info: {
  "domains": [
    "mock",
    "airline",
    "retail",
    "telecom",
    "telecom-workflow",
    "banking_knowledge"
  ],
  "agents": [
    "llm_agent",
    "llm_agent_gt",
    "llm_agent_solo",
    "discrete_time_audio_native_agent"
  ],
  "users": [
    "user_simulator",
    "dummy_user"
  ],
  "task_sets": [
    "mock",
    "airline",
    "retail",
    "telecom_full",
    "telecom_small",
    "telecom",
    "telecom-workflow",
    "banking_knowledge"
  ]
}
2026-07-26 15:22:28.914 | DEBUG    | tau2.environment.environment:get_response:482 - Response: Error: Product not found
2026-07-26 15:22:29.055 | DEBUG    | tau2.environment.environment:get_response:482 - Response: Error: Order not found
2026-07-26 15:22:29.122 | DEBUG    | tau2.environment.environment:get_response:482 - Response: Error: User not found
2026-07-26 15:22:29.190 | DEBUG    | tau2.environment.environment:get_response:482 - Response: Error: Order not found
2026-07-26 15:22:29.261 | DEBUG    | tau2.environment.environment:get_response:482 - Response: Error: User not found
2026-07-26 15:22:29.329 | DEBUG    | tau2.environment.environment:get_response:482 - Response: Error: Product not found
2026-07-26 15:22:29.396 | DEBUG    | tau2.environment.environment:get_response:482 - Response: Error: User not found
2026-07-26 15:22:29.467 | DEBUG    | tau2.environment.environment:get_response:482 - Response: Error: Order not found
2026-07-26 15:22:29.535 | DEBUG    | tau2.environment.environment:get_response:482 - Response: Error: User not found
2026-07-26 15:22:29.602 | DEBUG    | tau2.environment.environment:get_response:482 - Response: Error: Product not found
2026-07-26 15:22:29.673 | DEBUG    | tau2.environment.environment:get_response:482 - Response: Error: Order not found
2026-07-26 15:22:29.740 | DEBUG    | tau2.environment.environment:get_response:482 - Response: Error: User not found
2026-07-26 15:22:29.807 | DEBUG    | tau2.environment.environment:get_response:482 - Response: Error: Product not found
2026-07-26 15:22:29.878 | DEBUG    | tau2.environment.environment:get_response:482 - Response: Error: User not found
2026-07-26 15:22:29.945 | DEBUG    | tau2.environment.environment:get_response:482 - Response: Error: User not found
2026-07-26 15:22:30.012 | DEBUG    | tau2.environment.environment:get_response:482 - Response: Error: Order not found
2026-07-26 15:22:30.084 | DEBUG    | tau2.environment.environment:get_response:482 - Response: Error: Order not found
2026-07-26 15:22:30.151 | DEBUG    | tau2.environment.environment:get_response:482 - Response: Error: User not found
2026-07-26 15:22:30.218 | DEBUG    | tau2.environment.environment:get_response:482 - Response: Error: Product not found
2026-07-26 15:22:30.289 | DEBUG    | tau2.environment.environment:get_response:482 - Response: Error: User not found
2026-07-26 15:22:30.356 | DEBUG    | tau2.environment.environment:get_response:482 - Response: Error: User not found
2026-07-26 15:22:30.423 | DEBUG    | tau2.environment.environment:get_response:482 - Response: Error: User not found
2026-07-26 15:22:30.495 | DEBUG    | tau2.environment.environment:get_response:482 - Response: Error: User not found
2026-07-26 15:22:30.562 | DEBUG    | tau2.environment.environment:get_response:482 - Response: Error: User not found
2026-07-26 15:22:30.630 | DEBUG    | tau2.environment.environment:get_response:482 - Response: Error: Order not found
2026-07-26 15:22:30.701 | DEBUG    | tau2.environment.environment:get_response:482 - Response: Error: Product not found
2026-07-26 15:22:30.769 | DEBUG    | tau2.environment.environment:get_response:482 - Response: Error: User not found
2026-07-26 15:22:30.836 | DEBUG    | tau2.environment.environment:get_response:482 - Response: Error: Product not found
2026-07-26 15:22:30.907 | DEBUG    | tau2.environment.environment:get_response:482 - Response: Error: Order not found
2026-07-26 15:22:30.975 | DEBUG    | tau2.environment.environment:get_response:482 - Response: Error: User not found
2026-07-26 15:22:31.042 | DEBUG    | tau2.environment.environment:get_response:482 - Response: Error: Product not found
2026-07-26 15:22:31.113 | DEBUG    | tau2.environment.environment:get_response:482 - Response: Error: User not found
2026-07-26 15:22:31.180 | DEBUG    | tau2.environment.environment:get_response:482 - Response: Error: Order not found
2026-07-26 15:22:31.248 | DEBUG    | tau2.environment.environment:get_response:482 - Response: Error: User not found
2026-07-26 15:22:31.382 | DEBUG    | tau2.environment.environment:get_response:482 - Response: Error: User not found
2026-07-26 15:22:31.450 | DEBUG    | tau2.environment.environment:get_response:482 - Response: Error: Product not found
2026-07-26 15:22:31.517 | DEBUG    | tau2.environment.environment:get_response:482 - Response: Error: Order not found
2026-07-26 15:22:31.589 | DEBUG    | tau2.environment.environment:get_response:482 - Response: Error: Product not found
2026-07-26 15:22:31.657 | DEBUG    | tau2.environment.environment:get_response:482 - Response: Error: Order not found
2026-07-26 15:22:31.725 | DEBUG    | tau2.environment.environment:get_response:482 - Response: Error: User not found
2026-07-26 15:22:31.797 | DEBUG    | tau2.environment.environment:get_response:482 - Response: Error: User not found
2026-07-26 15:22:31.864 | DEBUG    | tau2.environment.environment:get_response:482 - Response: Error: User not found
2026-07-26 15:22:31.932 | DEBUG    | tau2.environment.environment:get_response:482 - Response: Error: User not found
2026-07-26 15:22:32.003 | DEBUG    | tau2.environment.environment:get_response:482 - Response: Error: User not found
2026-07-26 15:22:32.071 | DEBUG    | tau2.environment.environment:get_response:482 - Response: Error: User not found
2026-07-26 15:22:32.138 | DEBUG    | tau2.environment.environment:get_response:482 - Response: Error: Order not found
2026-07-26 15:22:32.210 | DEBUG    | tau2.environment.environment:get_response:482 - Response: Error: Product not found
2026-07-26 15:22:32.278 | DEBUG    | tau2.environment.environment:get_response:482 - Response: Error: Product not found
2026-07-26 15:22:32.345 | DEBUG    | tau2.environment.environment:get_response:482 - Response: Error: User not found
2026-07-26 15:22:32.417 | DEBUG    | tau2.environment.environment:get_response:482 - Response: Error: User not found
2026-07-26 15:22:32.485 | DEBUG    | tau2.environment.environment:get_response:482 - Response: Error: Order not found
2026-07-26 15:22:32.553 | DEBUG    | tau2.environment.environment:get_response:482 - Response: Error: Order not found
2026-07-26 15:22:32.625 | DEBUG    | tau2.environment.environment:get_response:482 - Response: Error: Product not found
2026-07-26 15:22:32.693 | DEBUG    | tau2.environment.environment:get_response:482 - Response: Error: User not found
2026-07-26 15:22:32.761 | DEBUG    | tau2.environment.environment:get_response:482 - Response: Error: User not found
2026-07-26 15:22:32.835 | DEBUG    | tau2.environment.environment:get_response:482 - Response: Error: User not found
2026-07-26 15:22:32.903 | DEBUG    | tau2.environment.environment:get_response:482 - Response: Error: Product not found
2026-07-26 15:22:32.971 | DEBUG    | tau2.environment.environment:get_response:482 - Response: Error: Order not found
2026-07-26 15:22:33.126 | DEBUG    | tau2.environment.environment:get_response:482 - Response: Error: Flight HAT643 not found
2026-07-26 15:22:33.298 | DEBUG    | tau2.environment.environment:get_response:482 - Response: Error: Reservation 4CDA82 not found
2026-07-26 15:22:33.479 | DEBUG    | tau2.environment.environment:get_response:482 - Response: Error: Flight HAT977 not found
2026-07-26 15:22:33.653 | DEBUG    | tau2.environment.environment:get_response:482 - Response: Error: User user_06a4d546ebc98a17 not found
2026-07-26 15:22:33.827 | DEBUG    | tau2.environment.environment:get_response:482 - Response: Error: Reservation F1784A not found
2026-07-26 15:22:34.007 | DEBUG    | tau2.environment.environment:get_response:482 - Response: Error: Flight HAT555 not found
2026-07-26 15:22:34.181 | DEBUG    | tau2.environment.environment:get_response:482 - Response: Error: Reservation 3000AC not found
2026-07-26 15:22:34.354 | DEBUG    | tau2.environment.environment:get_response:482 - Response: Error: User user_9e3677cfb3e90f06 not found
2026-07-26 15:22:34.621 | DEBUG    | tau2.environment.environment:get_response:482 - Response: Error: Reservation B20740 not found
2026-07-26 15:22:34.795 | DEBUG    | tau2.environment.environment:get_response:482 - Response: Error: User user_36a5abe9cf69308f not found
2026-07-26 15:22:34.967 | DEBUG    | tau2.environment.environment:get_response:482 - Response: Error: Flight HAT318 not found
2026-07-26 15:22:35.147 | DEBUG    | tau2.environment.environment:get_response:482 - Response: Error: Reservation 222440 not found
2026-07-26 15:22:35.320 | DEBUG    | tau2.environment.environment:get_response:482 - Response: Error: User user_c80e0697c51cff66 not found
2026-07-26 15:22:35.494 | DEBUG    | tau2.environment.environment:get_response:482 - Response: Error: Flight HAT462 not found
2026-07-26 15:22:35.673 | DEBUG    | tau2.environment.environment:get_response:482 - Response: Error: Flight HAT741 not found
2026-07-26 15:22:35.845 | DEBUG    | tau2.environment.environment:get_response:482 - Response: Error: Reservation 76382B not found
2026-07-26 15:22:36.017 | DEBUG    | tau2.environment.environment:get_response:482 - Response: Error: User user_335e8d8be68a3ebb not found
2026-07-26 15:22:36.196 | DEBUG    | tau2.environment.environment:get_response:482 - Response: Error: Reservation A8DDA1 not found
2026-07-26 15:22:36.368 | DEBUG    | tau2.environment.environment:get_response:482 - Response: Error: Flight HAT627 not found
2026-07-26 15:22:36.539 | DEBUG    | tau2.environment.environment:get_response:482 - Response: Error: Flight HAT640 not found
{
  "protocol": "v5_stage1_dynamic_injection_audit",
  "manifest_protocol": "v5_3_multifault_data_construction",
  "fault_protocol": "v5_multifamily_readonly_faults_v1",
  "manifest_sha256": "2896515bee828f6faed05b521eb975ae78535032ad63b95f677ff82578aeb3b4",
  "split_manifest_sha256": "a9fa1d0bec1f9eca500b63745ee7d405b4fc168a6f56b54806f6dea5fa67524a",
  "status": "COMPLETE",
  "source_split": "derived_inner_train",
  "official_test_used": false,
  "official_test_sealed": true,
  "verified_injections": 78,
  "all_runtime_tools_read_only": true,
  "all_tool_errors_observed": true,
  "all_agent_databases_unchanged": true,
  "all_user_databases_unchanged": true,
  "rows": [
    {
      "pair_id": "retail:89",
      "fault_family": "retail_missing_product_id",
      "fault_relevance": "reference_path_or_operation_aligned",
      "tool_name": "get_product_details",
      "arguments_sha256": "9891c3ee683fd6945c9d9232a13e0440c4eb16b598c3c90c62d6118aa52bce67",
      "runtime_tool_type": "read",
      "runtime_tool_mutates_state": false,
      "tool_error_observed": true,
      "agent_database_before": "b25c9cb211f5efcaee5dd646054a73c4a9f43f4f5acc32c10713cd9f9ac20e9c",
      "agent_database_after": "b25c9cb211f5efcaee5dd646054a73c4a9f43f4f5acc32c10713cd9f9ac20e9c",
      "agent_database_unchanged": true,
      "user_database_before": null,
      "user_database_after": null,
      "user_database_unchanged": true,
      "tool_response": "Error: Product not found"
    },
    {
      "pair_id": "retail:92",
      "fault_family": "retail_missing_order_id",
      "fault_relevance": "reference_path_or_operation_aligned",
      "tool_name": "get_order_details",
      "arguments_sha256": "3fac0a436c568d8bb24f815a913f161c8961b69c3ccf3437329c1da4802e896e",
      "runtime_tool_type": "read",
      "runtime_tool_mutates_state": false,
      "tool_error_observed": true,
      "agent_database_before": "b25c9cb211f5efcaee5dd646054a73c4a9f43f4f5acc32c10713cd9f9ac20e9c",
      "agent_database_after": "b25c9cb211f5efcaee5dd646054a73c4a9f43f4f5acc32c10713cd9f9ac20e9c",
      "agent_database_unchanged": true,
      "user_database_before": null,
      "user_database_after": null,
      "user_database_unchanged": true,
      "tool_response": "Error: Order not found"
    },
    {
      "pair_id": "retail:31",
      "fault_family": "retail_missing_user_email",
      "fault_relevance": "reference_path_or_operation_aligned",
      "tool_name": "find_user_id_by_email",
      "arguments_sha256": "aafa0a7a5b4d37ef2b8565bf838fb1f57684700435baeb5398ced97fa268c0b6",
      "runtime_tool_type": "read",
      "runtime_tool_mutates_state": false,
      "tool_error_observed": true,
      "agent_database_before": "b25c9cb211f5efcaee5dd646054a73c4a9f43f4f5acc32c10713cd9f9ac20e9c",
      "agent_database_after": "b25c9cb211f5efcaee5dd646054a73c4a9f43f4f5acc32c10713cd9f9ac20e9c",
      "agent_database_unchanged": true,
      "user_database_before": null,
      "user_database_after": null,
      "user_database_unchanged": true,
      "tool_response": "Error: User not found"
    },
    {
      "pair_id": "retail:88",
      "fault_family": "retail_missing_order_id",
      "fault_relevance": "reference_path_or_operation_aligned",
      "tool_name": "get_order_details",
      "arguments_sha256": "0fe7462912885dc00128fabebb537363b4b063b10d3e5af2264a9ce5ff124621",
      "runtime_tool_type": "read",
      "runtime_tool_mutates_state": false,
      "tool_error_observed": true,
      "agent_database_before": "b25c9cb211f5efcaee5dd646054a73c4a9f43f4f5acc32c10713cd9f9ac20e9c",
      "agent_database_after": "b25c9cb211f5efcaee5dd646054a73c4a9f43f4f5acc32c10713cd9f9ac20e9c",
      "agent_database_unchanged": true,
      "user_database_before": null,
      "user_database_after": null,
      "user_database_unchanged": true,
      "tool_response": "Error: Order not found"
    },
    {
      "pair_id": "retail:2",
      "fault_family": "retail_missing_user_id",
      "fault_relevance": "reference_path_or_operation_aligned",
      "tool_name": "get_user_details",
      "arguments_sha256": "2b4cb77d3229f345b6670b04e0a28cc89157d9184576129d423f5dc399e69cfa",
      "runtime_tool_type": "read",
      "runtime_tool_mutates_state": false,
      "tool_error_observed": true,
      "agent_database_before": "b25c9cb211f5efcaee5dd646054a73c4a9f43f4f5acc32c10713cd9f9ac20e9c",
      "agent_database_after": "b25c9cb211f5efcaee5dd646054a73c4a9f43f4f5acc32c10713cd9f9ac20e9c",
      "agent_database_unchanged": true,
      "user_database_before": null,
      "user_database_after": null,
      "user_database_unchanged": true,
      "tool_response": "Error: User not found"
    },
    {
      "pair_id": "retail:52",
      "fault_family": "retail_missing_product_id",
      "fault_relevance": "reference_path_or_operation_aligned",
      "tool_name": "get_product_details",
      "arguments_sha256": "0c8ebccb95e915c6ea3b4d309f3c70b81bae34b05a0ce827254b3c5f55615694",
      "runtime_tool_type": "read",
      "runtime_tool_mutates_state": false,
      "tool_error_observed": true,
      "agent_database_before": "b25c9cb211f5efcaee5dd646054a73c4a9f43f4f5acc32c10713cd9f9ac20e9c",
      "agent_database_after": "b25c9cb211f5efcaee5dd646054a73c4a9f43f4f5acc32c10713cd9f9ac20e9c",
      "agent_database_unchanged": true,
      "user_database_before": null,
      "user_database_after": null,
      "user_database_unchanged": true,
      "tool_response": "Error: Product not found"
    },
    {
      "pair_id": "retail:78",
      "fault_family": "retail_missing_user_email",
      "fault_relevance": "reference_path_or_operation_aligned",
      "tool_name": "find_user_id_by_email",
      "arguments_sha256": "5c7ea4e736517e2b2c655e9a864a84cdfe6b62e529cdcbd4a3c498c4120b788a",
      "runtime_tool_type": "read",
      "runtime_tool_mutates_state": false,
      "tool_error_observed": true,
      "agent_database_before": "b25c9cb211f5efcaee5dd646054a73c4a9f43f4f5acc32c10713cd9f9ac20e9c",
      "agent_database_after": "b25c9cb211f5efcaee5dd646054a73c4a9f43f4f5acc32c10713cd9f9ac20e9c",
      "agent_database_unchanged": true,
      "user_database_before": null,
      "user_database_after": null,
      "user_database_unchanged": true,
      "tool_response": "Error: User not found"
    },
    {
      "pair_id": "retail:113",
      "fault_family": "retail_missing_order_id",
      "fault_relevance": "reference_path_or_operation_aligned",
      "tool_name": "get_order_details",
      "arguments_sha256": "c9173cb401a18b2bf061754954c3ec6a373f751c3d6f345da0d82cc545acdd3b",
      "runtime_tool_type": "read",
      "runtime_tool_mutates_state": false,
      "tool_error_observed": true,
      "agent_database_before": "b25c9cb211f5efcaee5dd646054a73c4a9f43f4f5acc32c10713cd9f9ac20e9c",
      "agent_database_after": "b25c9cb211f5efcaee5dd646054a73c4a9f43f4f5acc32c10713cd9f9ac20e9c",
      "agent_database_unchanged": true,
      "user_database_before": null,
      "user_database_after": null,
      "user_database_unchanged": true,
      "tool_response": "Error: Order not found"
    },
    {
      "pair_id": "retail:46",
      "fault_family": "retail_missing_user_id",
      "fault_relevance": "reference_path_or_operation_aligned",
      "tool_name": "get_user_details",
      "arguments_sha256": "e811ae8acc861c0ef8969673661402cd225dce6a222709245e9186ffdb010296",
      "runtime_tool_type": "read",
      "runtime_tool_mutates_state": false,
      "tool_error_observed": true,
      "agent_database_before": "b25c9cb211f5efcaee5dd646054a73c4a9f43f4f5acc32c10713cd9f9ac20e9c",
      "agent_database_after": "b25c9cb211f5efcaee5dd646054a73c4a9f43f4f5acc32c10713cd9f9ac20e9c",
      "agent_database_unchanged": true,
      "user_database_before": null,
      "user_database_after": null,
      "user_database_unchanged": true,
      "tool_response": "Error: User not found"
    },
    {
      "pair_id": "retail:107",
      "fault_family": "retail_missing_product_id",
      "fault_relevance": "reference_path_or_operation_aligned",
      "tool_name": "get_product_details",
      "arguments_sha256": "d1ad38b6f267edb270b7b8978bdf6fed046d588c120c9df4a8bf336b0722607a",
      "runtime_tool_type": "read",
      "runtime_tool_mutates_state": false,
      "tool_error_observed": true,
      "agent_database_before": "b25c9cb211f5efcaee5dd646054a73c4a9f43f4f5acc32c10713cd9f9ac20e9c",
      "agent_database_after": "b25c9cb211f5efcaee5dd646054a73c4a9f43f4f5acc32c10713cd9f9ac20e9c",
      "agent_database_unchanged": true,
      "user_database_before": null,
      "user_database_after": null,
      "user_database_unchanged": true,
      "tool_response": "Error: Product not found"
    },
    {
      "pair_id": "retail:81",
      "fault_family": "retail_missing_order_id",
      "fault_relevance": "reference_path_or_operation_aligned",
      "tool_name": "get_order_details",
      "arguments_sha256": "a565370a37311d20ac61ef51caae35e0013fa7260919e2ab45359c82db431ba1",
      "runtime_tool_type": "read",
      "runtime_tool_mutates_state": false,
      "tool_error_observed": true,
      "agent_database_before": "b25c9cb211f5efcaee5dd646054a73c4a9f43f4f5acc32c10713cd9f9ac20e9c",
      "agent_database_after": "b25c9cb211f5efcaee5dd646054a73c4a9f43f4f5acc32c10713cd9f9ac20e9c",
      "agent_database_unchanged": true,
      "user_database_before": null,
      "user_database_after": null,
      "user_database_unchanged": true,
      "tool_response": "Error: Order not found"
    },
    {
      "pair_id": "retail:87",
      "fault_family": "retail_missing_user_email",
      "fault_relevance": "reference_path_or_operation_aligned",
      "tool_name": "find_user_id_by_email",
      "arguments_sha256": "0353f5d2a8272200427cdd186fb99899ac30f3746aead10fa6c2f0fc080c0d49",
      "runtime_tool_type": "read",
      "runtime_tool_mutates_state": false,
      "tool_error_observed": true,
      "agent_database_before": "b25c9cb211f5efcaee5dd646054a73c4a9f43f4f5acc32c10713cd9f9ac20e9c",
      "agent_database_after": "b25c9cb211f5efcaee5dd646054a73c4a9f43f4f5acc32c10713cd9f9ac20e9c",
      "agent_database_unchanged": true,
      "user_database_before": null,
      "user_database_after": null,
      "user_database_unchanged": true,
      "tool_response": "Error: User not found"
    },
    {
      "pair_id": "retail:85",
      "fault_family": "retail_missing_product_id",
      "fault_relevance": "reference_path_or_operation_aligned",
      "tool_name": "get_product_details",
      "arguments_sha256": "32fac2f9320d095fd46d4828e1bdc855338d7d58452577b95e87df125867881a",
      "runtime_tool_type": "read",
      "runtime_tool_mutates_state": false,
      "tool_error_observed": true,
      "agent_database_before": "b25c9cb211f5efcaee5dd646054a73c4a9f43f4f5acc32c10713cd9f9ac20e9c",
      "agent_database_after": "b25c9cb211f5efcaee5dd646054a73c4a9f43f4f5acc32c10713cd9f9ac20e9c",
      "agent_database_unchanged": true,
      "user_database_before": null,
      "user_database_after": null,
      "user_database_unchanged": true,
      "tool_response": "Error: Product not found"
    },
    {
      "pair_id": "retail:4",
      "fault_family": "retail_missing_user_id",
      "fault_relevance": "reference_path_or_operation_aligned",
      "tool_name": "get_user_details",
      "arguments_sha256": "a42af22803ad00190fa8c50a2f57b62b7c4d72595713ca8d1d235ad9d341f484",
      "runtime_tool_type": "read",
      "runtime_tool_mutates_state": false,
      "tool_error_observed": true,
      "agent_database_before": "b25c9cb211f5efcaee5dd646054a73c4a9f43f4f5acc32c10713cd9f9ac20e9c",
      "agent_database_after": "b25c9cb211f5efcaee5dd646054a73c4a9f43f4f5acc32c10713cd9f9ac20e9c",
      "agent_database_unchanged": true,
      "user_database_before": null,
      "user_database_after": null,
      "user_database_unchanged": true,
      "tool_response": "Error: User not found"
    },
    {
      "pair_id": "retail:69",
      "fault_family": "retail_missing_user_id",
      "fault_relevance": "reference_path_or_operation_aligned",
      "tool_name": "get_user_details",
      "arguments_sha256": "93a5cbd3b1f8f8667ac5c4736277d70673cc5344e3e767d69405fea77c151365",
      "runtime_tool_type": "read",
      "runtime_tool_mutates_state": false,
      "tool_error_observed": true,
      "agent_database_before": "b25c9cb211f5efcaee5dd646054a73c4a9f43f4f5acc32c10713cd9f9ac20e9c",
      "agent_database_after": "b25c9cb211f5efcaee5dd646054a73c4a9f43f4f5acc32c10713cd9f9ac20e9c",
      "agent_database_unchanged": true,
      "user_database_before": null,
      "user_database_after": null,
      "user_database_unchanged": true,
      "tool_response": "Error: User not found"
    },
    {
      "pair_id": "retail:84",
      "fault_family": "retail_missing_order_id",
      "fault_relevance": "reference_path_or_operation_aligned",
      "tool_name": "get_order_details",
      "arguments_sha256": "7da5c7d612a76288874950c9036c548725bd28da7db7718c7bc939938b164adf",
      "runtime_tool_type": "read",
      "runtime_tool_mutates_state": false,
      "tool_error_observed": true,
      "agent_database_before": "b25c9cb211f5efcaee5dd646054a73c4a9f43f4f5acc32c10713cd9f9ac20e9c",
      "agent_database_after": "b25c9cb211f5efcaee5dd646054a73c4a9f43f4f5acc32c10713cd9f9ac20e9c",
      "agent_database_unchanged": true,
      "user_database_before": null,
      "user_database_after": null,
      "user_database_unchanged": true,
      "tool_response": "Error: Order not found"
    },
    {
      "pair_id": "retail:76",
      "fault_family": "retail_missing_order_id",
      "fault_relevance": "reference_path_or_operation_aligned",
      "tool_name": "get_order_details",
      "arguments_sha256": "2da6215a25d84f3662c90428ff9fd08e83a047e64ee933873e7fe583ce0d16b0",
      "runtime_tool_type": "read",
      "runtime_tool_mutates_state": false,
      "tool_error_observed": true,
      "agent_database_before": "b25c9cb211f5efcaee5dd646054a73c4a9f43f4f5acc32c10713cd9f9ac20e9c",
      "agent_database_after": "b25c9cb211f5efcaee5dd646054a73c4a9f43f4f5acc32c10713cd9f9ac20e9c",
      "agent_database_unchanged": true,
      "user_database_before": null,
      "user_database_after": null,
      "user_database_unchanged": true,
      "tool_response": "Error: Order not found"
    },
    {
      "pair_id": "retail:21",
      "fault_family": "retail_missing_user_email",
      "fault_relevance": "reference_path_or_operation_aligned",
      "tool_name": "find_user_id_by_email",
      "arguments_sha256": "ef221e8bbf241a85bcfc2d2b99447a7ee8a315cffb01ad34f493eb76a91f2329",
      "runtime_tool_type": "read",
      "runtime_tool_mutates_state": false,
      "tool_error_observed": true,
      "agent_database_before": "b25c9cb211f5efcaee5dd646054a73c4a9f43f4f5acc32c10713cd9f9ac20e9c",
      "agent_database_after": "b25c9cb211f5efcaee5dd646054a73c4a9f43f4f5acc32c10713cd9f9ac20e9c",
      "agent_database_unchanged": true,
      "user_database_before": null,
      "user_database_after": null,
      "user_database_unchanged": true,
      "tool_response": "Error: User not found"
    },
    {
      "pair_id": "retail:19",
      "fault_family": "retail_missing_product_id",
      "fault_relevance": "reference_path_or_operation_aligned",
      "tool_name": "get_product_details",
      "arguments_sha256": "3f32e698273c9b18330d29e76c874e54cf00b1599a50b4c8c60f507e23d3c1bf",
      "runtime_tool_type": "read",
      "runtime_tool_mutates_state": false,
      "tool_error_observed": true,
      "agent_database_before": "b25c9cb211f5efcaee5dd646054a73c4a9f43f4f5acc32c10713cd9f9ac20e9c",
      "agent_database_after": "b25c9cb211f5efcaee5dd646054a73c4a9f43f4f5acc32c10713cd9f9ac20e9c",
      "agent_database_unchanged": true,
      "user_database_before": null,
      "user_database_after": null,
      "user_database_unchanged": true,
      "tool_response": "Error: Product not found"
    },
    {
      "pair_id": "retail:37",
      "fault_family": "retail_missing_user_email",
      "fault_relevance": "reference_path_or_operation_aligned",
      "tool_name": "find_user_id_by_email",
      "arguments_sha256": "8da38f45c81753aff39271aca9136e6ca345443f4c421e02e773698c07edb52f",
      "runtime_tool_type": "read",
      "runtime_tool_mutates_state": false,
      "tool_error_observed": true,
      "agent_database_before": "b25c9cb211f5efcaee5dd646054a73c4a9f43f4f5acc32c10713cd9f9ac20e9c",
      "agent_database_after": "b25c9cb211f5efcaee5dd646054a73c4a9f43f4f5acc32c10713cd9f9ac20e9c",
      "agent_database_unchanged": true,
      "user_database_before": null,
      "user_database_after": null,
      "user_database_unchanged": true,
      "tool_response": "Error: User not found"
    },
    {
      "pair_id": "retail:28",
      "fault_family": "retail_missing_user_id",
      "fault_relevance": "reference_path_or_operation_aligned",
      "tool_name": "get_user_details",
      "arguments_sha256": "b68ed4c597f570c4f4a1e2921bb0fb969fbf79193189cd88f2f58a9ecd338674",
      "runtime_tool_type": "read",
      "runtime_tool_mutates_state": false,
      "tool_error_observed": true,
      "agent_database_before": "b25c9cb211f5efcaee5dd646054a73c4a9f43f4f5acc32c10713cd9f9ac20e9c",
      "agent_database_after": "b25c9cb211f5efcaee5dd646054a73c4a9f43f4f5acc32c10713cd9f9ac20e9c",
      "agent_database_unchanged": true,
      "user_database_before": null,
      "user_database_after": null,
      "user_database_unchanged": true,
      "tool_response": "Error: User not found"
    },
    {
      "pair_id": "retail:30",
      "fault_family": "retail_missing_user_id",
      "fault_relevance": "reference_path_or_operation_aligned",
      "tool_name": "get_user_details",
      "arguments_sha256": "1398fa026bf2fb44cd77eab71a9cbf490188e7812ca00f2c7e78b73fff84615b",
      "runtime_tool_type": "read",
      "runtime_tool_mutates_state": false,
      "tool_error_observed": true,
      "agent_database_before": "b25c9cb211f5efcaee5dd646054a73c4a9f43f4f5acc32c10713cd9f9ac20e9c",
      "agent_database_after": "b25c9cb211f5efcaee5dd646054a73c4a9f43f4f5acc32c10713cd9f9ac20e9c",
      "agent_database_unchanged": true,
      "user_database_before": null,
      "user_database_after": null,
      "user_database_unchanged": true,
      "tool_response": "Error: User not found"
    },
    {
      "pair_id": "retail:54",
      "fault_family": "retail_missing_user_email",
      "fault_relevance": "reference_path_or_operation_aligned",
      "tool_name": "find_user_id_by_email",
      "arguments_sha256": "8b364e5b085c4dbbb78ab611ffde77dd6291358a152dbef14b37fc65cd107044",
      "runtime_tool_type": "read",
      "runtime_tool_mutates_state": false,
      "tool_error_observed": true,
      "agent_database_before": "b25c9cb211f5efcaee5dd646054a73c4a9f43f4f5acc32c10713cd9f9ac20e9c",
      "agent_database_after": "b25c9cb211f5efcaee5dd646054a73c4a9f43f4f5acc32c10713cd9f9ac20e9c",
      "agent_database_unchanged": true,
      "user_database_before": null,
      "user_database_after": null,
      "user_database_unchanged": true,
      "tool_response": "Error: User not found"
    },
    {
      "pair_id": "retail:59",
      "fault_family": "retail_missing_user_id",
      "fault_relevance": "reference_path_or_operation_aligned",
      "tool_name": "get_user_details",
      "arguments_sha256": "29f72049226fc17eee8eb5e134b4829237850a50c127c4c1e273a7e560cf965c",
      "runtime_tool_type": "read",
      "runtime_tool_mutates_state": false,
      "tool_error_observed": true,
      "agent_database_before": "b25c9cb211f5efcaee5dd646054a73c4a9f43f4f5acc32c10713cd9f9ac20e9c",
      "agent_database_after": "b25c9cb211f5efcaee5dd646054a73c4a9f43f4f5acc32c10713cd9f9ac20e9c",
      "agent_database_unchanged": true,
      "user_database_before": null,
      "user_database_after": null,
      "user_database_unchanged": true,
      "tool_response": "Error: User not found"
    },
    {
      "pair_id": "retail:66",
      "fault_family": "retail_missing_order_id",
      "fault_relevance": "reference_path_or_operation_aligned",
      "tool_name": "get_order_details",
      "arguments_sha256": "f618618efb0afd5bff02b9d564442cc730325870bc56db8ce8ffd1399102a95b",
      "runtime_tool_type": "read",
      "runtime_tool_mutates_state": false,
      "tool_error_observed": true,
      "agent_database_before": "b25c9cb211f5efcaee5dd646054a73c4a9f43f4f5acc32c10713cd9f9ac20e9c",
      "agent_database_after": "b25c9cb211f5efcaee5dd646054a73c4a9f43f4f5acc32c10713cd9f9ac20e9c",
      "agent_database_unchanged": true,
      "user_database_before": null,
      "user_database_after": null,
      "user_database_unchanged": true,
      "tool_response": "Error: Order not found"
    },
    {
      "pair_id": "retail:16",
      "fault_family": "retail_missing_product_id",
      "fault_relevance": "reference_path_or_operation_aligned",
      "tool_name": "get_product_details",
      "arguments_sha256": "ea210efff1f97a37cd0fecd18f4c84fa677c79121dffcd86f78c3afbc9826152",
      "runtime_tool_type": "read",
      "runtime_tool_mutates_state": false,
      "tool_error_observed": true,
      "agent_database_before": "b25c9cb211f5efcaee5dd646054a73c4a9f43f4f5acc32c10713cd9f9ac20e9c",
      "agent_database_after": "b25c9cb211f5efcaee5dd646054a73c4a9f43f4f5acc32c10713cd9f9ac20e9c",
      "agent_database_unchanged": true,
      "user_database_before": null,
      "user_database_after": null,
      "user_database_unchanged": true,
      "tool_response": "Error: Product not found"
    },
    {
      "pair_id": "retail:14",
      "fault_family": "retail_missing_user_email",
      "fault_relevance": "reference_path_or_operation_aligned",
      "tool_name": "find_user_id_by_email",
      "arguments_sha256": "6edf3e0d9f6a5b9b5c38467e67d606a81095727ca25c7655f485941a92ad22bc",
      "runtime_tool_type": "read",
      "runtime_tool_mutates_state": false,
      "tool_error_observed": true,
      "agent_database_before": "b25c9cb211f5efcaee5dd646054a73c4a9f43f4f5acc32c10713cd9f9ac20e9c",
      "agent_database_after": "b25c9cb211f5efcaee5dd646054a73c4a9f43f4f5acc32c10713cd9f9ac20e9c",
      "agent_database_unchanged": true,
      "user_database_before": null,
      "user_database_after": null,
      "user_database_unchanged": true,
      "tool_response": "Error: User not found"
    },
    {
      "pair_id": "retail:75",
      "fault_family": "retail_missing_product_id",
      "fault_relevance": "reference_path_or_operation_aligned",
      "tool_name": "get_product_details",
      "arguments_sha256": "778e2f3e5df66520e93c58d233fdbda580c112f9727e5731085b41df8776c226",
      "runtime_tool_type": "read",
      "runtime_tool_mutates_state": false,
      "tool_error_observed": true,
      "agent_database_before": "b25c9cb211f5efcaee5dd646054a73c4a9f43f4f5acc32c10713cd9f9ac20e9c",
      "agent_database_after": "b25c9cb211f5efcaee5dd646054a73c4a9f43f4f5acc32c10713cd9f9ac20e9c",
      "agent_database_unchanged": true,
      "user_database_before": null,
      "user_database_after": null,
      "user_database_unchanged": true,
      "tool_response": "Error: Product not found"
    },
    {
      "pair_id": "retail:10",
      "fault_family": "retail_missing_order_id",
      "fault_relevance": "reference_path_or_operation_aligned",
      "tool_name": "get_order_details",
      "arguments_sha256": "f86239a0b3842e95d520290f85d7f255825158b1f6b2c951667e86f6ddf653a8",
      "runtime_tool_type": "read",
      "runtime_tool_mutates_state": false,
      "tool_error_observed": true,
      "agent_database_before": "b25c9cb211f5efcaee5dd646054a73c4a9f43f4f5acc32c10713cd9f9ac20e9c",
      "agent_database_after": "b25c9cb211f5efcaee5dd646054a73c4a9f43f4f5acc32c10713cd9f9ac20e9c",
      "agent_database_unchanged": true,
      "user_database_before": null,
      "user_database_after": null,
      "user_database_unchanged": true,
      "tool_response": "Error: Order not found"
    },
    {
      "pair_id": "retail:7",
      "fault_family": "retail_missing_user_id",
      "fault_relevance": "reference_path_or_operation_aligned",
      "tool_name": "get_user_details",
      "arguments_sha256": "1550bf0ac624c8d011c3f5700ede186f97e1aaed89fb82e7e8a51076c655d036",
      "runtime_tool_type": "read",
      "runtime_tool_mutates_state": false,
      "tool_error_observed": true,
      "agent_database_before": "b25c9cb211f5efcaee5dd646054a73c4a9f43f4f5acc32c10713cd9f9ac20e9c",
      "agent_database_after": "b25c9cb211f5efcaee5dd646054a73c4a9f43f4f5acc32c10713cd9f9ac20e9c",
      "agent_database_unchanged": true,
      "user_database_before": null,
      "user_database_after": null,
      "user_database_unchanged": true,
      "tool_response": "Error: User not found"
    },
    {
      "pair_id": "retail:106",
      "fault_family": "retail_missing_product_id",
      "fault_relevance": "reference_path_or_operation_aligned",
      "tool_name": "get_product_details",
      "arguments_sha256": "4ef8334f65b2fb683daafddf241a79fb694d05c6ff4627199a01f1cb4d85fee3",
      "runtime_tool_type": "read",
      "runtime_tool_mutates_state": false,
      "tool_error_observed": true,
      "agent_database_before": "b25c9cb211f5efcaee5dd646054a73c4a9f43f4f5acc32c10713cd9f9ac20e9c",
      "agent_database_after": "b25c9cb211f5efcaee5dd646054a73c4a9f43f4f5acc32c10713cd9f9ac20e9c",
      "agent_database_unchanged": true,
      "user_database_before": null,
      "user_database_after": null,
      "user_database_unchanged": true,
      "tool_response": "Error: Product not found"
    },
    {
      "pair_id": "retail:96",
      "fault_family": "retail_missing_user_email",
      "fault_relevance": "reference_path_or_operation_aligned",
      "tool_name": "find_user_id_by_email",
      "arguments_sha256": "196916576b66bd9df28625b68f9125ac23379f1ecccdb05fc89f86e8e51f6c26",
      "runtime_tool_type": "read",
      "runtime_tool_mutates_state": false,
      "tool_error_observed": true,
      "agent_database_before": "b25c9cb211f5efcaee5dd646054a73c4a9f43f4f5acc32c10713cd9f9ac20e9c",
      "agent_database_after": "b25c9cb211f5efcaee5dd646054a73c4a9f43f4f5acc32c10713cd9f9ac20e9c",
      "agent_database_unchanged": true,
      "user_database_before": null,
      "user_database_after": null,
      "user_database_unchanged": true,
      "tool_response": "Error: User not found"
    },
    {
      "pair_id": "retail:1",
      "fault_family": "retail_missing_order_id",
      "fault_relevance": "reference_path_or_operation_aligned",
      "tool_name": "get_order_details",
      "arguments_sha256": "4a6f80841a893bdbab2124e89ef01a8fc266186b4b684da8b955be3fc237d1fd",
      "runtime_tool_type": "read",
      "runtime_tool_mutates_state": false,
      "tool_error_observed": true,
      "agent_database_before": "b25c9cb211f5efcaee5dd646054a73c4a9f43f4f5acc32c10713cd9f9ac20e9c",
      "agent_database_after": "b25c9cb211f5efcaee5dd646054a73c4a9f43f4f5acc32c10713cd9f9ac20e9c",
      "agent_database_unchanged": true,
      "user_database_before": null,
      "user_database_after": null,
      "user_database_unchanged": true,
      "tool_response": "Error: Order not found"
    },
    {
      "pair_id": "retail:13",
      "fault_family": "retail_missing_user_id",
      "fault_relevance": "reference_path_or_operation_aligned",
      "tool_name": "get_user_details",
      "arguments_sha256": "55d09255bf5b163d58d970382c81d34cb07cb2c7eb28324e1bc083a1a38a5dbf",
      "runtime_tool_type": "read",
      "runtime_tool_mutates_state": false,
      "tool_error_observed": true,
      "agent_database_before": "b25c9cb211f5efcaee5dd646054a73c4a9f43f4f5acc32c10713cd9f9ac20e9c",
      "agent_database_after": "b25c9cb211f5efcaee5dd646054a73c4a9f43f4f5acc32c10713cd9f9ac20e9c",
      "agent_database_unchanged": true,
      "user_database_before": null,
      "user_database_after": null,
      "user_database_unchanged": true,
      "tool_response": "Error: User not found"
    },
    {
      "pair_id": "retail:25",
      "fault_family": "retail_missing_user_email",
      "fault_relevance": "reference_path_or_operation_aligned",
      "tool_name": "find_user_id_by_email",
      "arguments_sha256": "a48510b870772884901ea3fa064577f34a1a1459cd9de7271fa76ee09e605a02",
      "runtime_tool_type": "read",
      "runtime_tool_mutates_state": false,
      "tool_error_observed": true,
      "agent_database_before": "b25c9cb211f5efcaee5dd646054a73c4a9f43f4f5acc32c10713cd9f9ac20e9c",
      "agent_database_after": "b25c9cb211f5efcaee5dd646054a73c4a9f43f4f5acc32c10713cd9f9ac20e9c",
      "agent_database_unchanged": true,
      "user_database_before": null,
      "user_database_after": null,
      "user_database_unchanged": true,
      "tool_response": "Error: User not found"
    },
    {
      "pair_id": "retail:104",
      "fault_family": "retail_missing_product_id",
      "fault_relevance": "reference_path_or_operation_aligned",
      "tool_name": "get_product_details",
      "arguments_sha256": "ecd07ed7ded3f8f8cea509d6cfa93837737ccb5e1b569fe2d1fb3e320d50b3c5",
      "runtime_tool_type": "read",
      "runtime_tool_mutates_state": false,
      "tool_error_observed": true,
      "agent_database_before": "b25c9cb211f5efcaee5dd646054a73c4a9f43f4f5acc32c10713cd9f9ac20e9c",
      "agent_database_after": "b25c9cb211f5efcaee5dd646054a73c4a9f43f4f5acc32c10713cd9f9ac20e9c",
      "agent_database_unchanged": true,
      "user_database_before": null,
      "user_database_after": null,
      "user_database_unchanged": true,
      "tool_response": "Error: Product not found"
    },
    {
      "pair_id": "retail:98",
      "fault_family": "retail_missing_order_id",
      "fault_relevance": "reference_path_or_operation_aligned",
      "tool_name": "get_order_details",
      "arguments_sha256": "88b6468a31c65c23056c2daa72b27dc2a7f3318fa6015eac02cc29899cd2cb61",
      "runtime_tool_type": "read",
      "runtime_tool_mutates_state": false,
      "tool_error_observed": true,
      "agent_database_before": "b25c9cb211f5efcaee5dd646054a73c4a9f43f4f5acc32c10713cd9f9ac20e9c",
      "agent_database_after": "b25c9cb211f5efcaee5dd646054a73c4a9f43f4f5acc32c10713cd9f9ac20e9c",
      "agent_database_unchanged": true,
      "user_database_before": null,
      "user_database_after": null,
      "user_database_unchanged": true,
      "tool_response": "Error: Order not found"
    },
    {
      "pair_id": "retail:83",
      "fault_family": "retail_missing_product_id",
      "fault_relevance": "reference_path_or_operation_aligned",
      "tool_name": "get_product_details",
      "arguments_sha256": "b2be7455cc094505b1f60eb44c44242f27b897be68097809cb81d46994cedb70",
      "runtime_tool_type": "read",
      "runtime_tool_mutates_state": false,
      "tool_error_observed": true,
      "agent_database_before": "b25c9cb211f5efcaee5dd646054a73c4a9f43f4f5acc32c10713cd9f9ac20e9c",
      "agent_database_after": "b25c9cb211f5efcaee5dd646054a73c4a9f43f4f5acc32c10713cd9f9ac20e9c",
      "agent_database_unchanged": true,
      "user_database_before": null,
      "user_database_after": null,
      "user_database_unchanged": true,
      "tool_response": "Error: Product not found"
    },
    {
      "pair_id": "retail:99",
      "fault_family": "retail_missing_order_id",
      "fault_relevance": "reference_path_or_operation_aligned",
      "tool_name": "get_order_details",
      "arguments_sha256": "2c0cf8e60e8e2482a6cfca8411cb567bd4a3c7eee771881d28685d9031466a7e",
      "runtime_tool_type": "read",
      "runtime_tool_mutates_state": false,
      "tool_error_observed": true,
      "agent_database_before": "b25c9cb211f5efcaee5dd646054a73c4a9f43f4f5acc32c10713cd9f9ac20e9c",
      "agent_database_after": "b25c9cb211f5efcaee5dd646054a73c4a9f43f4f5acc32c10713cd9f9ac20e9c",
      "agent_database_unchanged": true,
      "user_database_before": null,
      "user_database_after": null,
      "user_database_unchanged": true,
      "tool_response": "Error: Order not found"
    },
    {
      "pair_id": "retail:67",
      "fault_family": "retail_missing_user_email",
      "fault_relevance": "reference_path_or_operation_aligned",
      "tool_name": "find_user_id_by_email",
      "arguments_sha256": "76a49515fe72e8f23b0e8dbda58e98d1d57f015dd93d6b7a22f44c9e3e014d68",
      "runtime_tool_type": "read",
      "runtime_tool_mutates_state": false,
      "tool_error_observed": true,
      "agent_database_before": "b25c9cb211f5efcaee5dd646054a73c4a9f43f4f5acc32c10713cd9f9ac20e9c",
      "agent_database_after": "b25c9cb211f5efcaee5dd646054a73c4a9f43f4f5acc32c10713cd9f9ac20e9c",
      "agent_database_unchanged": true,
      "user_database_before": null,
      "user_database_after": null,
      "user_database_unchanged": true,
      "tool_response": "Error: User not found"
    },
    {
      "pair_id": "retail:35",
      "fault_family": "retail_missing_user_id",
      "fault_relevance": "reference_path_or_operation_aligned",
      "tool_name": "get_user_details",
      "arguments_sha256": "5c20e8898d9fa18b01bc031b83ab9a0f210644087c0dbf987a2feb9cbecdec1b",
      "runtime_tool_type": "read",
      "runtime_tool_mutates_state": false,
      "tool_error_observed": true,
      "agent_database_before": "b25c9cb211f5efcaee5dd646054a73c4a9f43f4f5acc32c10713cd9f9ac20e9c",
      "agent_database_after": "b25c9cb211f5efcaee5dd646054a73c4a9f43f4f5acc32c10713cd9f9ac20e9c",
      "agent_database_unchanged": true,
      "user_database_before": null,
      "user_database_after": null,
      "user_database_unchanged": true,
      "tool_response": "Error: User not found"
    },
    {
      "pair_id": "retail:112",
      "fault_family": "retail_missing_user_email",
      "fault_relevance": "reference_path_or_operation_aligned",
      "tool_name": "find_user_id_by_email",
      "arguments_sha256": "72f5a5682e6217adc2d0c35d35d554689f4ab32d375e70ddd9ab63b289dcbd9e",
      "runtime_tool_type": "read",
      "runtime_tool_mutates_state": false,
      "tool_error_observed": true,
      "agent_database_before": "b25c9cb211f5efcaee5dd646054a73c4a9f43f4f5acc32c10713cd9f9ac20e9c",
      "agent_database_after": "b25c9cb211f5efcaee5dd646054a73c4a9f43f4f5acc32c10713cd9f9ac20e9c",
      "agent_database_unchanged": true,
      "user_database_before": null,
      "user_database_after": null,
      "user_database_unchanged": true,
      "tool_response": "Error: User not found"
    },
    {
      "pair_id": "retail:23",
      "fault_family": "retail_missing_user_id",
      "fault_relevance": "reference_path_or_operation_aligned",
      "tool_name": "get_user_details",
      "arguments_sha256": "9d8a5fd3c08a2cf13100ffd06819f57c1595756622c4e6f419c4285503b841c3",
      "runtime_tool_type": "read",
      "runtime_tool_mutates_state": false,
      "tool_error_observed": true,
      "agent_database_before": "b25c9cb211f5efcaee5dd646054a73c4a9f43f4f5acc32c10713cd9f9ac20e9c",
      "agent_database_after": "b25c9cb211f5efcaee5dd646054a73c4a9f43f4f5acc32c10713cd9f9ac20e9c",
      "agent_database_unchanged": true,
      "user_database_before": null,
      "user_database_after": null,
      "user_database_unchanged": true,
      "tool_response": "Error: User not found"
    },
    {
      "pair_id": "retail:72",
      "fault_family": "retail_missing_user_email",
      "fault_relevance": "reference_path_or_operation_aligned",
      "tool_name": "find_user_id_by_email",
      "arguments_sha256": "5db46b07507b26e1619c3d11f36b972ed977a1f00dffad502705018cbc300413",
      "runtime_tool_type": "read",
      "runtime_tool_mutates_state": false,
      "tool_error_observed": true,
      "agent_database_before": "b25c9cb211f5efcaee5dd646054a73c4a9f43f4f5acc32c10713cd9f9ac20e9c",
      "agent_database_after": "b25c9cb211f5efcaee5dd646054a73c4a9f43f4f5acc32c10713cd9f9ac20e9c",
      "agent_database_unchanged": true,
      "user_database_before": null,
      "user_database_after": null,
      "user_database_unchanged": true,
      "tool_response": "Error: User not found"
    },
    {
      "pair_id": "retail:22",
      "fault_family": "retail_missing_user_id",
      "fault_relevance": "reference_path_or_operation_aligned",
      "tool_name": "get_user_details",
      "arguments_sha256": "5d894788c6c90c265394e52da7af88c61b4b06d9bc921650887645d950f8a2a3",
      "runtime_tool_type": "read",
      "runtime_tool_mutates_state": false,
      "tool_error_observed": true,
      "agent_database_before": "b25c9cb211f5efcaee5dd646054a73c4a9f43f4f5acc32c10713cd9f9ac20e9c",
      "agent_database_after": "b25c9cb211f5efcaee5dd646054a73c4a9f43f4f5acc32c10713cd9f9ac20e9c",
      "agent_database_unchanged": true,
      "user_database_before": null,
      "user_database_after": null,
      "user_database_unchanged": true,
      "tool_response": "Error: User not found"
    },
    {
      "pair_id": "retail:63",
      "fault_family": "retail_missing_order_id",
      "fault_relevance": "reference_path_or_operation_aligned",
      "tool_name": "get_order_details",
      "arguments_sha256": "49f4b0eaca2469b5386b7ab10a7242a2cc0b2ef8189d457b7daf85cdb5877858",
      "runtime_tool_type": "read",
      "runtime_tool_mutates_state": false,
      "tool_error_observed": true,
      "agent_database_before": "b25c9cb211f5efcaee5dd646054a73c4a9f43f4f5acc32c10713cd9f9ac20e9c",
      "agent_database_after": "b25c9cb211f5efcaee5dd646054a73c4a9f43f4f5acc32c10713cd9f9ac20e9c",
      "agent_database_unchanged": true,
      "user_database_before": null,
      "user_database_after": null,
      "user_database_unchanged": true,
      "tool_response": "Error: Order not found"
    },
    {
      "pair_id": "retail:82",
      "fault_family": "retail_missing_product_id",
      "fault_relevance": "reference_path_or_operation_aligned",
      "tool_name": "get_product_details",
      "arguments_sha256": "a2c89ccf5a3e71d91b493804be1f1fe579c946c25f92ce9cd110dfa2cc9c8420",
      "runtime_tool_type": "read",
      "runtime_tool_mutates_state": false,
      "tool_error_observed": true,
      "agent_database_before": "b25c9cb211f5efcaee5dd646054a73c4a9f43f4f5acc32c10713cd9f9ac20e9c",
      "agent_database_after": "b25c9cb211f5efcaee5dd646054a73c4a9f43f4f5acc32c10713cd9f9ac20e9c",
      "agent_database_unchanged": true,
      "user_database_before": null,
      "user_database_after": null,
      "user_database_unchanged": true,
      "tool_response": "Error: Product not found"
    },
    {
      "pair_id": "retail:103",
      "fault_family": "retail_missing_product_id",
      "fault_relevance": "reference_path_or_operation_aligned",
      "tool_name": "get_product_details",
      "arguments_sha256": "5239693468918c689a6069ea715dfd8fbec20a94ccbd9565dcae671b2a34f488",
      "runtime_tool_type": "read",
      "runtime_tool_mutates_state": false,
      "tool_error_observed": true,
      "agent_database_before": "b25c9cb211f5efcaee5dd646054a73c4a9f43f4f5acc32c10713cd9f9ac20e9c",
      "agent_database_after": "b25c9cb211f5efcaee5dd646054a73c4a9f43f4f5acc32c10713cd9f9ac20e9c",
      "agent_database_unchanged": true,
      "user_database_before": null,
      "user_database_after": null,
      "user_database_unchanged": true,
      "tool_response": "Error: Product not found"
    },
    {
      "pair_id": "retail:11",
      "fault_family": "retail_missing_user_email",
      "fault_relevance": "reference_path_or_operation_aligned",
      "tool_name": "find_user_id_by_email",
      "arguments_sha256": "046d91dc7bfcfadfb9aef43fb0e9a405fba34a04c46ee410b3cb50db7eb6b2ee",
      "runtime_tool_type": "read",
      "runtime_tool_mutates_state": false,
      "tool_error_observed": true,
      "agent_database_before": "b25c9cb211f5efcaee5dd646054a73c4a9f43f4f5acc32c10713cd9f9ac20e9c",
      "agent_database_after": "b25c9cb211f5efcaee5dd646054a73c4a9f43f4f5acc32c10713cd9f9ac20e9c",
      "agent_database_unchanged": true,
      "user_database_before": null,
      "user_database_after": null,
      "user_database_unchanged": true,
      "tool_response": "Error: User not found"
    },
    {
      "pair_id": "retail:43",
      "fault_family": "retail_missing_user_id",
      "fault_relevance": "reference_path_or_operation_aligned",
      "tool_name": "get_user_details",
      "arguments_sha256": "ff1ffdc39ce50a239cd2a5d0ac2b68b60cabb6554c5524a9e13078dbe65e90aa",
      "runtime_tool_type": "read",
      "runtime_tool_mutates_state": false,
      "tool_error_observed": true,
      "agent_database_before": "b25c9cb211f5efcaee5dd646054a73c4a9f43f4f5acc32c10713cd9f9ac20e9c",
      "agent_database_after": "b25c9cb211f5efcaee5dd646054a73c4a9f43f4f5acc32c10713cd9f9ac20e9c",
      "agent_database_unchanged": true,
      "user_database_before": null,
      "user_database_after": null,
      "user_database_unchanged": true,
      "tool_response": "Error: User not found"
    },
    {
      "pair_id": "retail:8",
      "fault_family": "retail_missing_order_id",
      "fault_relevance": "reference_path_or_operation_aligned",
      "tool_name": "get_order_details",
      "arguments_sha256": "39af8f7fc7bdb3c0d7aef97a9818b6aa87f2d5ed8648254a3cadbca84a3fc3c2",
      "runtime_tool_type": "read",
      "runtime_tool_mutates_state": false,
      "tool_error_observed": true,
      "agent_database_before": "b25c9cb211f5efcaee5dd646054a73c4a9f43f4f5acc32c10713cd9f9ac20e9c",
      "agent_database_after": "b25c9cb211f5efcaee5dd646054a73c4a9f43f4f5acc32c10713cd9f9ac20e9c",
      "agent_database_unchanged": true,
      "user_database_before": null,
      "user_database_after": null,
      "user_database_unchanged": true,
      "tool_response": "Error: Order not found"
    },
    {
      "pair_id": "retail:110",
      "fault_family": "retail_missing_order_id",
      "fault_relevance": "reference_path_or_operation_aligned",
      "tool_name": "get_order_details",
      "arguments_sha256": "407bb087ed93307beb8889b29c6bface09f9c80e340ac47677b952c271c8ba05",
      "runtime_tool_type": "read",
      "runtime_tool_mutates_state": false,
      "tool_error_observed": true,
      "agent_database_before": "b25c9cb211f5efcaee5dd646054a73c4a9f43f4f5acc32c10713cd9f9ac20e9c",
      "agent_database_after": "b25c9cb211f5efcaee5dd646054a73c4a9f43f4f5acc32c10713cd9f9ac20e9c",
      "agent_database_unchanged": true,
      "user_database_before": null,
      "user_database_after": null,
      "user_database_unchanged": true,
      "tool_response": "Error: Order not found"
    },
    {
      "pair_id": "retail:105",
      "fault_family": "retail_missing_product_id",
      "fault_relevance": "reference_path_or_operation_aligned",
      "tool_name": "get_product_details",
      "arguments_sha256": "9768b9f428b6f29d7e1997dbda97529cfcd2c985169171c68afddaa6cd88db14",
      "runtime_tool_type": "read",
      "runtime_tool_mutates_state": false,
      "tool_error_observed": true,
      "agent_database_before": "b25c9cb211f5efcaee5dd646054a73c4a9f43f4f5acc32c10713cd9f9ac20e9c",
      "agent_database_after": "b25c9cb211f5efcaee5dd646054a73c4a9f43f4f5acc32c10713cd9f9ac20e9c",
      "agent_database_unchanged": true,
      "user_database_before": null,
      "user_database_after": null,
      "user_database_unchanged": true,
      "tool_response": "Error: Product not found"
    },
    {
      "pair_id": "retail:15",
      "fault_family": "retail_missing_user_email",
      "fault_relevance": "reference_path_or_operation_aligned",
      "tool_name": "find_user_id_by_email",
      "arguments_sha256": "a7588f47b8862e6fcc1dbdbfa1970406666a3ef89eb44557d71b52d319e797ab",
      "runtime_tool_type": "read",
      "runtime_tool_mutates_state": false,
      "tool_error_observed": true,
      "agent_database_before": "b25c9cb211f5efcaee5dd646054a73c4a9f43f4f5acc32c10713cd9f9ac20e9c",
      "agent_database_after": "b25c9cb211f5efcaee5dd646054a73c4a9f43f4f5acc32c10713cd9f9ac20e9c",
      "agent_database_unchanged": true,
      "user_database_before": null,
      "user_database_after": null,
      "user_database_unchanged": true,
      "tool_response": "Error: User not found"
    },
    {
      "pair_id": "retail:47",
      "fault_family": "retail_missing_user_id",
      "fault_relevance": "reference_path_or_operation_aligned",
      "tool_name": "get_user_details",
      "arguments_sha256": "e76c27ac5d9aca7bdc07d39dc1859c5d46708e368314ee72fbffc17a2ecf4c02",
      "runtime_tool_type": "read",
      "runtime_tool_mutates_state": false,
      "tool_error_observed": true,
      "agent_database_before": "b25c9cb211f5efcaee5dd646054a73c4a9f43f4f5acc32c10713cd9f9ac20e9c",
      "agent_database_after": "b25c9cb211f5efcaee5dd646054a73c4a9f43f4f5acc32c10713cd9f9ac20e9c",
      "agent_database_unchanged": true,
      "user_database_before": null,
      "user_database_after": null,
      "user_database_unchanged": true,
      "tool_response": "Error: User not found"
    },
    {
      "pair_id": "retail:3",
      "fault_family": "retail_missing_user_email",
      "fault_relevance": "reference_path_or_operation_aligned",
      "tool_name": "find_user_id_by_email",
      "arguments_sha256": "cce24ea7557c586a79a7b4d8699b0eab08bd554312db60c30d33f728fa4ead74",
      "runtime_tool_type": "read",
      "runtime_tool_mutates_state": false,
      "tool_error_observed": true,
      "agent_database_before": "b25c9cb211f5efcaee5dd646054a73c4a9f43f4f5acc32c10713cd9f9ac20e9c",
      "agent_database_after": "b25c9cb211f5efcaee5dd646054a73c4a9f43f4f5acc32c10713cd9f9ac20e9c",
      "agent_database_unchanged": true,
      "user_database_before": null,
      "user_database_after": null,
      "user_database_unchanged": true,
      "tool_response": "Error: User not found"
    },
    {
      "pair_id": "retail:29",
      "fault_family": "retail_missing_product_id",
      "fault_relevance": "reference_path_or_operation_aligned",
      "tool_name": "get_product_details",
      "arguments_sha256": "1a550b7368319cbd3f77a693d0702654cb2585af4822fd2111914bc94bab1a19",
      "runtime_tool_type": "read",
      "runtime_tool_mutates_state": false,
      "tool_error_observed": true,
      "agent_database_before": "b25c9cb211f5efcaee5dd646054a73c4a9f43f4f5acc32c10713cd9f9ac20e9c",
      "agent_database_after": "b25c9cb211f5efcaee5dd646054a73c4a9f43f4f5acc32c10713cd9f9ac20e9c",
      "agent_database_unchanged": true,
      "user_database_before": null,
      "user_database_after": null,
      "user_database_unchanged": true,
      "tool_response": "Error: Product not found"
    },
    {
      "pair_id": "retail:93",
      "fault_family": "retail_missing_order_id",
      "fault_relevance": "reference_path_or_operation_aligned",
      "tool_name": "get_order_details",
      "arguments_sha256": "54be3007ac693188ed0b4fce55cd3d1e0337380667b8dad531f62b798ad468fa",
      "runtime_tool_type": "read",
      "runtime_tool_mutates_state": false,
      "tool_error_observed": true,
      "agent_database_before": "b25c9cb211f5efcaee5dd646054a73c4a9f43f4f5acc32c10713cd9f9ac20e9c",
      "agent_database_after": "b25c9cb211f5efcaee5dd646054a73c4a9f43f4f5acc32c10713cd9f9ac20e9c",
      "agent_database_unchanged": true,
      "user_database_before": null,
      "user_database_after": null,
      "user_database_unchanged": true,
      "tool_response": "Error: Order not found"
    },
    {
      "pair_id": "airline:11",
      "fault_family": "airline_missing_flight_number",
      "fault_relevance": "reference_path_or_operation_aligned",
      "tool_name": "get_flight_status",
      "arguments_sha256": "3f7fc8bd13c8c80e02fb28f89455df8b0b68bac49d8f872bb65df9ca6589b0b2",
      "runtime_tool_type": "read",
      "runtime_tool_mutates_state": false,
      "tool_error_observed": true,
      "agent_database_before": "124e39a664b56402bcd09cb8a6a9cece6acb8462337c969799d5658e3250f263",
      "agent_database_after": "124e39a664b56402bcd09cb8a6a9cece6acb8462337c969799d5658e3250f263",
      "agent_database_unchanged": true,
      "user_database_before": null,
      "user_database_after": null,
      "user_database_unchanged": true,
      "tool_response": "Error: Flight HAT643 not found"
    },
    {
      "pair_id": "airline:21",
      "fault_family": "airline_missing_reservation_id",
      "fault_relevance": "reference_path_or_operation_aligned",
      "tool_name": "get_reservation_details",
      "arguments_sha256": "ed65901482ddb14d9d9054c5e0b888247c0a236efb9e981fe455f4c434882251",
      "runtime_tool_type": "read",
      "runtime_tool_mutates_state": false,
      "tool_error_observed": true,
      "agent_database_before": "124e39a664b56402bcd09cb8a6a9cece6acb8462337c969799d5658e3250f263",
      "agent_database_after": "124e39a664b56402bcd09cb8a6a9cece6acb8462337c969799d5658e3250f263",
      "agent_database_unchanged": true,
      "user_database_before": null,
      "user_database_after": null,
      "user_database_unchanged": true,
      "tool_response": "Error: Reservation 4CDA82 not found"
    },
    {
      "pair_id": "airline:23",
      "fault_family": "airline_missing_flight_number",
      "fault_relevance": "reference_path_or_operation_aligned",
      "tool_name": "get_flight_status",
      "arguments_sha256": "a54e78e6e643c6aaca2a4cd40ad2cf466b14e30a688fa304b0ce662b2822784b",
      "runtime_tool_type": "read",
      "runtime_tool_mutates_state": false,
      "tool_error_observed": true,
      "agent_database_before": "124e39a664b56402bcd09cb8a6a9cece6acb8462337c969799d5658e3250f263",
      "agent_database_after": "124e39a664b56402bcd09cb8a6a9cece6acb8462337c969799d5658e3250f263",
      "agent_database_unchanged": true,
      "user_database_before": null,
      "user_database_after": null,
      "user_database_unchanged": true,
      "tool_response": "Error: Flight HAT977 not found"
    },
    {
      "pair_id": "airline:5",
      "fault_family": "airline_missing_user_id",
      "fault_relevance": "reference_path_or_operation_aligned",
      "tool_name": "get_user_details",
      "arguments_sha256": "a1037992fc0b07a0141ed422194d3941e90e5e8607288e00ca43f097815e3389",
      "runtime_tool_type": "read",
      "runtime_tool_mutates_state": false,
      "tool_error_observed": true,
      "agent_database_before": "124e39a664b56402bcd09cb8a6a9cece6acb8462337c969799d5658e3250f263",
      "agent_database_after": "124e39a664b56402bcd09cb8a6a9cece6acb8462337c969799d5658e3250f263",
      "agent_database_unchanged": true,
      "user_database_before": null,
      "user_database_after": null,
      "user_database_unchanged": true,
      "tool_response": "Error: User user_06a4d546ebc98a17 not found"
    },
    {
      "pair_id": "airline:49",
      "fault_family": "airline_missing_reservation_id",
      "fault_relevance": "reference_path_or_operation_aligned",
      "tool_name": "get_reservation_details",
      "arguments_sha256": "853051ceec26612af3a5f073a9fbcd00c5d3ffb58c6c1dc8be76bc58f1ba73e9",
      "runtime_tool_type": "read",
      "runtime_tool_mutates_state": false,
      "tool_error_observed": true,
      "agent_database_before": "124e39a664b56402bcd09cb8a6a9cece6acb8462337c969799d5658e3250f263",
      "agent_database_after": "124e39a664b56402bcd09cb8a6a9cece6acb8462337c969799d5658e3250f263",
      "agent_database_unchanged": true,
      "user_database_before": null,
      "user_database_after": null,
      "user_database_unchanged": true,
      "tool_response": "Error: Reservation F1784A not found"
    },
    {
      "pair_id": "airline:33",
      "fault_family": "airline_missing_flight_number",
      "fault_relevance": "reference_path_or_operation_aligned",
      "tool_name": "get_flight_status",
      "arguments_sha256": "a82ebc98e666819dc9578b3f02ef1ee0ee0c5500239580768a7391a7f1b4af83",
      "runtime_tool_type": "read",
      "runtime_tool_mutates_state": false,
      "tool_error_observed": true,
      "agent_database_before": "124e39a664b56402bcd09cb8a6a9cece6acb8462337c969799d5658e3250f263",
      "agent_database_after": "124e39a664b56402bcd09cb8a6a9cece6acb8462337c969799d5658e3250f263",
      "agent_database_unchanged": true,
      "user_database_before": null,
      "user_database_after": null,
      "user_database_unchanged": true,
      "tool_response": "Error: Flight HAT555 not found"
    },
    {
      "pair_id": "airline:14",
      "fault_family": "airline_missing_reservation_id",
      "fault_relevance": "reference_path_or_operation_aligned",
      "tool_name": "get_reservation_details",
      "arguments_sha256": "884026b8f7b8a8a8c67630a32b0a58668ff7034b2fe91033e2348a4ca07c3c5d",
      "runtime_tool_type": "read",
      "runtime_tool_mutates_state": false,
      "tool_error_observed": true,
      "agent_database_before": "124e39a664b56402bcd09cb8a6a9cece6acb8462337c969799d5658e3250f263",
      "agent_database_after": "124e39a664b56402bcd09cb8a6a9cece6acb8462337c969799d5658e3250f263",
      "agent_database_unchanged": true,
      "user_database_before": null,
      "user_database_after": null,
      "user_database_unchanged": true,
      "tool_response": "Error: Reservation 3000AC not found"
    },
    {
      "pair_id": "airline:38",
      "fault_family": "airline_missing_user_id",
      "fault_relevance": "reference_path_or_operation_aligned",
      "tool_name": "get_user_details",
      "arguments_sha256": "e40397f877ad1a1d7fccd5e2061e4fc36aa142cd7e6bf551c6fb08eebf361730",
      "runtime_tool_type": "read",
      "runtime_tool_mutates_state": false,
      "tool_error_observed": true,
      "agent_database_before": "124e39a664b56402bcd09cb8a6a9cece6acb8462337c969799d5658e3250f263",
      "agent_database_after": "124e39a664b56402bcd09cb8a6a9cece6acb8462337c969799d5658e3250f263",
      "agent_database_unchanged": true,
      "user_database_before": null,
      "user_database_after": null,
      "user_database_unchanged": true,
      "tool_response": "Error: User user_9e3677cfb3e90f06 not found"
    },
    {
      "pair_id": "airline:4",
      "fault_family": "airline_missing_reservation_id",
      "fault_relevance": "reference_path_or_operation_aligned",
      "tool_name": "get_reservation_details",
      "arguments_sha256": "1a0a66af49329f9e0d1f2967c3c875c8be53cacb5124152b7ac295f7522a8b27",
      "runtime_tool_type": "read",
      "runtime_tool_mutates_state": false,
      "tool_error_observed": true,
      "agent_database_before": "124e39a664b56402bcd09cb8a6a9cece6acb8462337c969799d5658e3250f263",
      "agent_database_after": "124e39a664b56402bcd09cb8a6a9cece6acb8462337c969799d5658e3250f263",
      "agent_database_unchanged": true,
      "user_database_before": null,
      "user_database_after": null,
      "user_database_unchanged": true,
      "tool_response": "Error: Reservation B20740 not found"
    },
    {
      "pair_id": "airline:43",
      "fault_family": "airline_missing_user_id",
      "fault_relevance": "reference_path_or_operation_aligned",
      "tool_name": "get_user_details",
      "arguments_sha256": "fafa15165cf9d4af7fdd183664a93dc5e7c860c0090c0fda4a4a131e85e1d6f5",
      "runtime_tool_type": "read",
      "runtime_tool_mutates_state": false,
      "tool_error_observed": true,
      "agent_database_before": "124e39a664b56402bcd09cb8a6a9cece6acb8462337c969799d5658e3250f263",
      "agent_database_after": "124e39a664b56402bcd09cb8a6a9cece6acb8462337c969799d5658e3250f263",
      "agent_database_unchanged": true,
      "user_database_before": null,
      "user_database_after": null,
      "user_database_unchanged": true,
      "tool_response": "Error: User user_36a5abe9cf69308f not found"
    },
    {
      "pair_id": "airline:15",
      "fault_family": "airline_missing_flight_number",
      "fault_relevance": "reference_path_or_operation_aligned",
      "tool_name": "get_flight_status",
      "arguments_sha256": "38a99aab174a5ba4a72e69e43c31cfff15a1f9a186301d101bc43c4c05d07551",
      "runtime_tool_type": "read",
      "runtime_tool_mutates_state": false,
      "tool_error_observed": true,
      "agent_database_before": "124e39a664b56402bcd09cb8a6a9cece6acb8462337c969799d5658e3250f263",
      "agent_database_after": "124e39a664b56402bcd09cb8a6a9cece6acb8462337c969799d5658e3250f263",
      "agent_database_unchanged": true,
      "user_database_before": null,
      "user_database_after": null,
      "user_database_unchanged": true,
      "tool_response": "Error: Flight HAT318 not found"
    },
    {
      "pair_id": "airline:36",
      "fault_family": "airline_missing_reservation_id",
      "fault_relevance": "reference_path_or_operation_aligned",
      "tool_name": "get_reservation_details",
      "arguments_sha256": "8fd561fed8c11b209171bb55be7938811e75bec37e02e6c43fd6117971d79e42",
      "runtime_tool_type": "read",
      "runtime_tool_mutates_state": false,
      "tool_error_observed": true,
      "agent_database_before": "124e39a664b56402bcd09cb8a6a9cece6acb8462337c969799d5658e3250f263",
      "agent_database_after": "124e39a664b56402bcd09cb8a6a9cece6acb8462337c969799d5658e3250f263",
      "agent_database_unchanged": true,
      "user_database_before": null,
      "user_database_after": null,
      "user_database_unchanged": true,
      "tool_response": "Error: Reservation 222440 not found"
    },
    {
      "pair_id": "airline:1",
      "fault_family": "airline_missing_user_id",
      "fault_relevance": "reference_path_or_operation_aligned",
      "tool_name": "get_user_details",
      "arguments_sha256": "1dc2a8a61c573aeda6601c1ec2482c176ec613014fb5e5192b763216a4a911cd",
      "runtime_tool_type": "read",
      "runtime_tool_mutates_state": false,
      "tool_error_observed": true,
      "agent_database_before": "124e39a664b56402bcd09cb8a6a9cece6acb8462337c969799d5658e3250f263",
      "agent_database_after": "124e39a664b56402bcd09cb8a6a9cece6acb8462337c969799d5658e3250f263",
      "agent_database_unchanged": true,
      "user_database_before": null,
      "user_database_after": null,
      "user_database_unchanged": true,
      "tool_response": "Error: User user_c80e0697c51cff66 not found"
    },
    {
      "pair_id": "airline:20",
      "fault_family": "airline_missing_flight_number",
      "fault_relevance": "reference_path_or_operation_aligned",
      "tool_name": "get_flight_status",
      "arguments_sha256": "7de7f5be6ccb7f154b30038fba6ef55efabb10b94cbda6ba917e389f41842769",
      "runtime_tool_type": "read",
      "runtime_tool_mutates_state": false,
      "tool_error_observed": true,
      "agent_database_before": "124e39a664b56402bcd09cb8a6a9cece6acb8462337c969799d5658e3250f263",
      "agent_database_after": "124e39a664b56402bcd09cb8a6a9cece6acb8462337c969799d5658e3250f263",
      "agent_database_unchanged": true,
      "user_database_before": null,
      "user_database_after": null,
      "user_database_unchanged": true,
      "tool_response": "Error: Flight HAT462 not found"
    },
    {
      "pair_id": "airline:12",
      "fault_family": "airline_missing_flight_number",
      "fault_relevance": "reference_path_or_operation_aligned",
      "tool_name": "get_flight_status",
      "arguments_sha256": "a1fd7c27fbf4d5f9567884656f00b018154e473e3fe495b150355dcb26372608",
      "runtime_tool_type": "read",
      "runtime_tool_mutates_state": false,
      "tool_error_observed": true,
      "agent_database_before": "124e39a664b56402bcd09cb8a6a9cece6acb8462337c969799d5658e3250f263",
      "agent_database_after": "124e39a664b56402bcd09cb8a6a9cece6acb8462337c969799d5658e3250f263",
      "agent_database_unchanged": true,
      "user_database_before": null,
      "user_database_after": null,
      "user_database_unchanged": true,
      "tool_response": "Error: Flight HAT741 not found"
    },
    {
      "pair_id": "airline:40",
      "fault_family": "airline_missing_reservation_id",
      "fault_relevance": "reference_path_or_operation_aligned",
      "tool_name": "get_reservation_details",
      "arguments_sha256": "3a4928ec5e86724ab00518309e003c3b0b941f226bd72a803fe78a4d15707680",
      "runtime_tool_type": "read",
      "runtime_tool_mutates_state": false,
      "tool_error_observed": true,
      "agent_database_before": "124e39a664b56402bcd09cb8a6a9cece6acb8462337c969799d5658e3250f263",
      "agent_database_after": "124e39a664b56402bcd09cb8a6a9cece6acb8462337c969799d5658e3250f263",
      "agent_database_unchanged": true,
      "user_database_before": null,
      "user_database_after": null,
      "user_database_unchanged": true,
      "tool_response": "Error: Reservation 76382B not found"
    },
    {
      "pair_id": "airline:27",
      "fault_family": "airline_missing_user_id",
      "fault_relevance": "reference_path_or_operation_aligned",
      "tool_name": "get_user_details",
      "arguments_sha256": "513caaa0a51e399da207878a920bb162a9fabfce49a068ef05a7fc429ba1c9e0",
      "runtime_tool_type": "read",
      "runtime_tool_mutates_state": false,
      "tool_error_observed": true,
      "agent_database_before": "124e39a664b56402bcd09cb8a6a9cece6acb8462337c969799d5658e3250f263",
      "agent_database_after": "124e39a664b56402bcd09cb8a6a9cece6acb8462337c969799d5658e3250f263",
      "agent_database_unchanged": true,
      "user_database_before": null,
      "user_database_after": null,
      "user_database_unchanged": true,
      "tool_response": "Error: User user_335e8d8be68a3ebb not found"
    },
    {
      "pair_id": "airline:47",
      "fault_family": "airline_missing_reservation_id",
      "fault_relevance": "reference_path_or_operation_aligned",
      "tool_name": "get_reservation_details",
      "arguments_sha256": "4495db7cf453764b77fc6cb4c50952041a717cbde4ca02ede826dc94ea2b1ebe",
      "runtime_tool_type": "read",
      "runtime_tool_mutates_state": false,
      "tool_error_observed": true,
      "agent_database_before": "124e39a664b56402bcd09cb8a6a9cece6acb8462337c969799d5658e3250f263",
      "agent_database_after": "124e39a664b56402bcd09cb8a6a9cece6acb8462337c969799d5658e3250f263",
      "agent_database_unchanged": true,
      "user_database_before": null,
      "user_database_after": null,
      "user_database_unchanged": true,
      "tool_response": "Error: Reservation A8DDA1 not found"
    },
    {
      "pair_id": "airline:9",
      "fault_family": "airline_missing_flight_number",
      "fault_relevance": "reference_path_or_operation_aligned",
      "tool_name": "get_flight_status",
      "arguments_sha256": "e4e92cacf45805dd0c4616f353537e260f2e86f9f8b5f1f4fa2ae16f233d9046",
      "runtime_tool_type": "read",
      "runtime_tool_mutates_state": false,
      "tool_error_observed": true,
      "agent_database_before": "124e39a664b56402bcd09cb8a6a9cece6acb8462337c969799d5658e3250f263",
      "agent_database_after": "124e39a664b56402bcd09cb8a6a9cece6acb8462337c969799d5658e3250f263",
      "agent_database_unchanged": true,
      "user_database_before": null,
      "user_database_after": null,
      "user_database_unchanged": true,
      "tool_response": "Error: Flight HAT627 not found"
    },
    {
      "pair_id": "airline:17",
      "fault_family": "airline_missing_flight_number",
      "fault_relevance": "reference_path_or_operation_aligned",
      "tool_name": "get_flight_status",
      "arguments_sha256": "21bc5b0993a6a09c4e0b6751238b4be4b8df2996244c7eed0a2f2050487d63d3",
      "runtime_tool_type": "read",
      "runtime_tool_mutates_state": false,
      "tool_error_observed": true,
      "agent_database_before": "124e39a664b56402bcd09cb8a6a9cece6acb8462337c969799d5658e3250f263",
      "agent_database_after": "124e39a664b56402bcd09cb8a6a9cece6acb8462337c969799d5658e3250f263",
      "agent_database_unchanged": true,
      "user_database_before": null,
      "user_database_after": null,
      "user_database_unchanged": true,
      "tool_response": "Error: Flight HAT640 not found"
    }
  ]
}
[run] /workspace/venvs/v5-2-serve/bin/python scripts/verify_v5_stage0_injections.py --tau2-root /workspace/repos/recovery-aware-trajectory-selection/data/raw/tau2-bench --split-manifest artifacts/v5_stage0/manifests/split_manifest.json --manifest /workspace/repos/recovery-aware-trajectory-selection/data/processed/v5_3_12h_screen_protocol/validation_manifest.json --output /workspace/repos/recovery-aware-trajectory-selection/data/processed/v5_3_12h_screen_protocol/validation_dynamic_audit.json
2026-07-26 15:22:37.359 | WARNING  | tau2.utils.utils:<module>:15 - No .env file found
2026-07-26 15:22:37.359 | INFO     | tau2.utils.utils:<module>:28 - Using data directory from source: /workspace/repos/recovery-aware-trajectory-selection/data/raw/tau2-bench/data
2026-07-26 15:22:39.275 | INFO     | tau2.utils.llm_utils:<module>:102 - LiteLLM: Cache is disabled
2026-07-26 15:22:39.338 | DEBUG    | tau2.registry:<module>:281 - Registering default components...
2026-07-26 15:22:39.339 | DEBUG    | tau2.registry:<module>:292 - Voice dependencies not installed, skipping voice user registration
2026-07-26 15:22:39.340 | DEBUG    | tau2.registry:<module>:350 - Default components registered successfully. Registry info: {
  "domains": [
    "mock",
    "airline",
    "retail",
    "telecom",
    "telecom-workflow",
    "banking_knowledge"
  ],
  "agents": [
    "llm_agent",
    "llm_agent_gt",
    "llm_agent_solo",
    "discrete_time_audio_native_agent"
  ],
  "users": [
    "user_simulator",
    "dummy_user"
  ],
  "task_sets": [
    "mock",
    "airline",
    "retail",
    "telecom_full",
    "telecom_small",
    "telecom",
    "telecom-workflow",
    "banking_knowledge"
  ]
}
2026-07-26 15:22:39.404 | DEBUG    | tau2.environment.environment:get_response:482 - Response: Error: Product not found
2026-07-26 15:22:39.549 | DEBUG    | tau2.environment.environment:get_response:482 - Response: Error: Order not found
2026-07-26 15:22:39.617 | DEBUG    | tau2.environment.environment:get_response:482 - Response: Error: User not found
2026-07-26 15:22:39.686 | DEBUG    | tau2.environment.environment:get_response:482 - Response: Error: User not found
2026-07-26 15:22:39.759 | DEBUG    | tau2.environment.environment:get_response:482 - Response: Error: Order not found
2026-07-26 15:22:39.828 | DEBUG    | tau2.environment.environment:get_response:482 - Response: Error: User not found
2026-07-26 15:22:39.896 | DEBUG    | tau2.environment.environment:get_response:482 - Response: Error: Product not found
2026-07-26 15:22:39.970 | DEBUG    | tau2.environment.environment:get_response:482 - Response: Error: User not found
2026-07-26 15:22:40.038 | DEBUG    | tau2.environment.environment:get_response:482 - Response: Error: Product not found
2026-07-26 15:22:40.107 | DEBUG    | tau2.environment.environment:get_response:482 - Response: Error: Order not found
2026-07-26 15:22:40.180 | DEBUG    | tau2.environment.environment:get_response:482 - Response: Error: User not found
2026-07-26 15:22:40.248 | DEBUG    | tau2.environment.environment:get_response:482 - Response: Error: User not found
2026-07-26 15:22:40.315 | DEBUG    | tau2.environment.environment:get_response:482 - Response: Error: User not found
2026-07-26 15:22:40.388 | DEBUG    | tau2.environment.environment:get_response:482 - Response: Error: User not found
2026-07-26 15:22:40.456 | DEBUG    | tau2.environment.environment:get_response:482 - Response: Error: Product not found
2026-07-26 15:22:40.615 | DEBUG    | tau2.environment.environment:get_response:482 - Response: Error: Reservation 21E41D not found
2026-07-26 15:22:40.787 | DEBUG    | tau2.environment.environment:get_response:482 - Response: Error: User user_2832e4188f7f9b31 not found
2026-07-26 15:22:40.961 | DEBUG    | tau2.environment.environment:get_response:482 - Response: Error: User user_5d0108fe1691f1c7 not found
2026-07-26 15:22:41.143 | DEBUG    | tau2.environment.environment:get_response:482 - Response: Error: Reservation C762DE not found
2026-07-26 15:22:41.316 | DEBUG    | tau2.environment.environment:get_response:482 - Response: Error: Flight HAT923 not found
2026-07-26 15:22:41.487 | DEBUG    | tau2.environment.environment:get_response:482 - Response: Error: User user_f64946ad06bc1b55 not found
{
  "protocol": "v5_stage1_dynamic_injection_audit",
  "manifest_protocol": "v5_stage1_sft_causal_validation",
  "fault_protocol": "v5_multifamily_readonly_faults_v1",
  "manifest_sha256": "eb5a1b12cd0fb39c90641c0962c7eb7949cd580ecef78593a56785692d8b5116",
  "split_manifest_sha256": "a9fa1d0bec1f9eca500b63745ee7d405b4fc168a6f56b54806f6dea5fa67524a",
  "status": "COMPLETE",
  "source_split": "derived_validation",
  "official_test_used": false,
  "official_test_sealed": true,
  "verified_injections": 21,
  "all_runtime_tools_read_only": true,
  "all_tool_errors_observed": true,
  "all_agent_databases_unchanged": true,
  "all_user_databases_unchanged": true,
  "rows": [
    {
      "pair_id": "retail:109",
      "fault_family": "retail_missing_product_id",
      "fault_relevance": "reference_path_or_operation_aligned",
      "tool_name": "get_product_details",
      "arguments_sha256": "033933e4f573ab57cb2b3633db61542fd6b7e8a27364560a43f0d19b5a04da21",
      "runtime_tool_type": "read",
      "runtime_tool_mutates_state": false,
      "tool_error_observed": true,
      "agent_database_before": "b25c9cb211f5efcaee5dd646054a73c4a9f43f4f5acc32c10713cd9f9ac20e9c",
      "agent_database_after": "b25c9cb211f5efcaee5dd646054a73c4a9f43f4f5acc32c10713cd9f9ac20e9c",
      "agent_database_unchanged": true,
      "user_database_before": null,
      "user_database_after": null,
      "user_database_unchanged": true,
      "tool_response": "Error: Product not found"
    },
    {
      "pair_id": "retail:80",
      "fault_family": "retail_missing_order_id",
      "fault_relevance": "reference_path_or_operation_aligned",
      "tool_name": "get_order_details",
      "arguments_sha256": "ba366c250fac2c4c88f67b99a2d37146fe38df154888a20efda77565e639e951",
      "runtime_tool_type": "read",
      "runtime_tool_mutates_state": false,
      "tool_error_observed": true,
      "agent_database_before": "b25c9cb211f5efcaee5dd646054a73c4a9f43f4f5acc32c10713cd9f9ac20e9c",
      "agent_database_after": "b25c9cb211f5efcaee5dd646054a73c4a9f43f4f5acc32c10713cd9f9ac20e9c",
      "agent_database_unchanged": true,
      "user_database_before": null,
      "user_database_after": null,
      "user_database_unchanged": true,
      "tool_response": "Error: Order not found"
    },
    {
      "pair_id": "retail:6",
      "fault_family": "retail_missing_user_id",
      "fault_relevance": "reference_path_or_operation_aligned",
      "tool_name": "get_user_details",
      "arguments_sha256": "d4b614b7420dc02f78f0d627ff85af57675cd53f9e3bc98f328f86bb37a00113",
      "runtime_tool_type": "read",
      "runtime_tool_mutates_state": false,
      "tool_error_observed": true,
      "agent_database_before": "b25c9cb211f5efcaee5dd646054a73c4a9f43f4f5acc32c10713cd9f9ac20e9c",
      "agent_database_after": "b25c9cb211f5efcaee5dd646054a73c4a9f43f4f5acc32c10713cd9f9ac20e9c",
      "agent_database_unchanged": true,
      "user_database_before": null,
      "user_database_after": null,
      "user_database_unchanged": true,
      "tool_response": "Error: User not found"
    },
    {
      "pair_id": "retail:0",
      "fault_family": "retail_missing_user_email",
      "fault_relevance": "reference_path_or_operation_aligned",
      "tool_name": "find_user_id_by_email",
      "arguments_sha256": "f639e681a7108634111444da728794cd3a07fed17d228f785347cce5183a897d",
      "runtime_tool_type": "read",
      "runtime_tool_mutates_state": false,
      "tool_error_observed": true,
      "agent_database_before": "b25c9cb211f5efcaee5dd646054a73c4a9f43f4f5acc32c10713cd9f9ac20e9c",
      "agent_database_after": "b25c9cb211f5efcaee5dd646054a73c4a9f43f4f5acc32c10713cd9f9ac20e9c",
      "agent_database_unchanged": true,
      "user_database_before": null,
      "user_database_after": null,
      "user_database_unchanged": true,
      "tool_response": "Error: User not found"
    },
    {
      "pair_id": "retail:73",
      "fault_family": "retail_missing_order_id",
      "fault_relevance": "reference_path_or_operation_aligned",
      "tool_name": "get_order_details",
      "arguments_sha256": "b949123d727c96884c1e56f233e6d7380e2c7268289f139a036ed565439113a0",
      "runtime_tool_type": "read",
      "runtime_tool_mutates_state": false,
      "tool_error_observed": true,
      "agent_database_before": "b25c9cb211f5efcaee5dd646054a73c4a9f43f4f5acc32c10713cd9f9ac20e9c",
      "agent_database_after": "b25c9cb211f5efcaee5dd646054a73c4a9f43f4f5acc32c10713cd9f9ac20e9c",
      "agent_database_unchanged": true,
      "user_database_before": null,
      "user_database_after": null,
      "user_database_unchanged": true,
      "tool_response": "Error: Order not found"
    },
    {
      "pair_id": "retail:50",
      "fault_family": "retail_missing_user_email",
      "fault_relevance": "domain_plausible_fallback",
      "tool_name": "find_user_id_by_email",
      "arguments_sha256": "8f8da7e43b12789995bed5b759bb665c9e194260421264e281f4bd54ecb3bf17",
      "runtime_tool_type": "read",
      "runtime_tool_mutates_state": false,
      "tool_error_observed": true,
      "agent_database_before": "b25c9cb211f5efcaee5dd646054a73c4a9f43f4f5acc32c10713cd9f9ac20e9c",
      "agent_database_after": "b25c9cb211f5efcaee5dd646054a73c4a9f43f4f5acc32c10713cd9f9ac20e9c",
      "agent_database_unchanged": true,
      "user_database_before": null,
      "user_database_after": null,
      "user_database_unchanged": true,
      "tool_response": "Error: User not found"
    },
    {
      "pair_id": "retail:44",
      "fault_family": "retail_missing_product_id",
      "fault_relevance": "reference_path_or_operation_aligned",
      "tool_name": "get_product_details",
      "arguments_sha256": "973de19add40febfffd331297e533f556e78a83d68442dc25dcff72ae753f791",
      "runtime_tool_type": "read",
      "runtime_tool_mutates_state": false,
      "tool_error_observed": true,
      "agent_database_before": "b25c9cb211f5efcaee5dd646054a73c4a9f43f4f5acc32c10713cd9f9ac20e9c",
      "agent_database_after": "b25c9cb211f5efcaee5dd646054a73c4a9f43f4f5acc32c10713cd9f9ac20e9c",
      "agent_database_unchanged": true,
      "user_database_before": null,
      "user_database_after": null,
      "user_database_unchanged": true,
      "tool_response": "Error: Product not found"
    },
    {
      "pair_id": "retail:34",
      "fault_family": "retail_missing_user_id",
      "fault_relevance": "reference_path_or_operation_aligned",
      "tool_name": "get_user_details",
      "arguments_sha256": "ced2fafc335b735c452bceb9c9a6dd2d844059988afe35d2e029d08db5997ff7",
      "runtime_tool_type": "read",
      "runtime_tool_mutates_state": false,
      "tool_error_observed": true,
      "agent_database_before": "b25c9cb211f5efcaee5dd646054a73c4a9f43f4f5acc32c10713cd9f9ac20e9c",
      "agent_database_after": "b25c9cb211f5efcaee5dd646054a73c4a9f43f4f5acc32c10713cd9f9ac20e9c",
      "agent_database_unchanged": true,
      "user_database_before": null,
      "user_database_after": null,
      "user_database_unchanged": true,
      "tool_response": "Error: User not found"
    },
    {
      "pair_id": "retail:91",
      "fault_family": "retail_missing_product_id",
      "fault_relevance": "reference_path_or_operation_aligned",
      "tool_name": "get_product_details",
      "arguments_sha256": "30b33666f9a7a60113cdb26ad80d36567b394f3ab676250e06b299d69e68a9e4",
      "runtime_tool_type": "read",
      "runtime_tool_mutates_state": false,
      "tool_error_observed": true,
      "agent_database_before": "b25c9cb211f5efcaee5dd646054a73c4a9f43f4f5acc32c10713cd9f9ac20e9c",
      "agent_database_after": "b25c9cb211f5efcaee5dd646054a73c4a9f43f4f5acc32c10713cd9f9ac20e9c",
      "agent_database_unchanged": true,
      "user_database_before": null,
      "user_database_after": null,
      "user_database_unchanged": true,
      "tool_response": "Error: Product not found"
    },
    {
      "pair_id": "retail:95",
      "fault_family": "retail_missing_order_id",
      "fault_relevance": "reference_path_or_operation_aligned",
      "tool_name": "get_order_details",
      "arguments_sha256": "8380f24c8dd04c1aa05fd075c1397827445b96ec172e475f62a985ec42ae6345",
      "runtime_tool_type": "read",
      "runtime_tool_mutates_state": false,
      "tool_error_observed": true,
      "agent_database_before": "b25c9cb211f5efcaee5dd646054a73c4a9f43f4f5acc32c10713cd9f9ac20e9c",
      "agent_database_after": "b25c9cb211f5efcaee5dd646054a73c4a9f43f4f5acc32c10713cd9f9ac20e9c",
      "agent_database_unchanged": true,
      "user_database_before": null,
      "user_database_after": null,
      "user_database_unchanged": true,
      "tool_response": "Error: Order not found"
    },
    {
      "pair_id": "retail:20",
      "fault_family": "retail_missing_user_id",
      "fault_relevance": "reference_path_or_operation_aligned",
      "tool_name": "get_user_details",
      "arguments_sha256": "d2be48f174552cbc16dce11426fb26e15c379e314d904e141cb5432f9f35f558",
      "runtime_tool_type": "read",
      "runtime_tool_mutates_state": false,
      "tool_error_observed": true,
      "agent_database_before": "b25c9cb211f5efcaee5dd646054a73c4a9f43f4f5acc32c10713cd9f9ac20e9c",
      "agent_database_after": "b25c9cb211f5efcaee5dd646054a73c4a9f43f4f5acc32c10713cd9f9ac20e9c",
      "agent_database_unchanged": true,
      "user_database_before": null,
      "user_database_after": null,
      "user_database_unchanged": true,
      "tool_response": "Error: User not found"
    },
    {
      "pair_id": "retail:41",
      "fault_family": "retail_missing_user_email",
      "fault_relevance": "reference_path_or_operation_aligned",
      "tool_name": "find_user_id_by_email",
      "arguments_sha256": "e5af06deef352cd48869c5620fe6dc0d366a2b2d8ca03eb6670deb6e8ad9f8de",
      "runtime_tool_type": "read",
      "runtime_tool_mutates_state": false,
      "tool_error_observed": true,
      "agent_database_before": "b25c9cb211f5efcaee5dd646054a73c4a9f43f4f5acc32c10713cd9f9ac20e9c",
      "agent_database_after": "b25c9cb211f5efcaee5dd646054a73c4a9f43f4f5acc32c10713cd9f9ac20e9c",
      "agent_database_unchanged": true,
      "user_database_before": null,
      "user_database_after": null,
      "user_database_unchanged": true,
      "tool_response": "Error: User not found"
    },
    {
      "pair_id": "retail:48",
      "fault_family": "retail_missing_user_id",
      "fault_relevance": "reference_path_or_operation_aligned",
      "tool_name": "get_user_details",
      "arguments_sha256": "11f63b8803a7bb579187612045a553339368c297647d4624fe9be0a722a032c8",
      "runtime_tool_type": "read",
      "runtime_tool_mutates_state": false,
      "tool_error_observed": true,
      "agent_database_before": "b25c9cb211f5efcaee5dd646054a73c4a9f43f4f5acc32c10713cd9f9ac20e9c",
      "agent_database_after": "b25c9cb211f5efcaee5dd646054a73c4a9f43f4f5acc32c10713cd9f9ac20e9c",
      "agent_database_unchanged": true,
      "user_database_before": null,
      "user_database_after": null,
      "user_database_unchanged": true,
      "tool_response": "Error: User not found"
    },
    {
      "pair_id": "retail:58",
      "fault_family": "retail_missing_user_email",
      "fault_relevance": "reference_path_or_operation_aligned",
      "tool_name": "find_user_id_by_email",
      "arguments_sha256": "4f4264a6256ff2e669cb33762b2f437e62884b7839ed21d38fb5040e5ca57c06",
      "runtime_tool_type": "read",
      "runtime_tool_mutates_state": false,
      "tool_error_observed": true,
      "agent_database_before": "b25c9cb211f5efcaee5dd646054a73c4a9f43f4f5acc32c10713cd9f9ac20e9c",
      "agent_database_after": "b25c9cb211f5efcaee5dd646054a73c4a9f43f4f5acc32c10713cd9f9ac20e9c",
      "agent_database_unchanged": true,
      "user_database_before": null,
      "user_database_after": null,
      "user_database_unchanged": true,
      "tool_response": "Error: User not found"
    },
    {
      "pair_id": "retail:57",
      "fault_family": "retail_missing_product_id",
      "fault_relevance": "domain_plausible_fallback",
      "tool_name": "get_product_details",
      "arguments_sha256": "40c6d3268bc8cad8171ed61f552682eaaa0104a1947279342ba57a8861162801",
      "runtime_tool_type": "read",
      "runtime_tool_mutates_state": false,
      "tool_error_observed": true,
      "agent_database_before": "b25c9cb211f5efcaee5dd646054a73c4a9f43f4f5acc32c10713cd9f9ac20e9c",
      "agent_database_after": "b25c9cb211f5efcaee5dd646054a73c4a9f43f4f5acc32c10713cd9f9ac20e9c",
      "agent_database_unchanged": true,
      "user_database_before": null,
      "user_database_after": null,
      "user_database_unchanged": true,
      "tool_response": "Error: Product not found"
    },
    {
      "pair_id": "airline:46",
      "fault_family": "airline_missing_reservation_id",
      "fault_relevance": "domain_plausible_fallback",
      "tool_name": "get_reservation_details",
      "arguments_sha256": "36b64fd26a080885ab88e1be1ed11f1028f7eaa42d4243ab4cbb6b6e8835bad9",
      "runtime_tool_type": "read",
      "runtime_tool_mutates_state": false,
      "tool_error_observed": true,
      "agent_database_before": "124e39a664b56402bcd09cb8a6a9cece6acb8462337c969799d5658e3250f263",
      "agent_database_after": "124e39a664b56402bcd09cb8a6a9cece6acb8462337c969799d5658e3250f263",
      "agent_database_unchanged": true,
      "user_database_before": null,
      "user_database_after": null,
      "user_database_unchanged": true,
      "tool_response": "Error: Reservation 21E41D not found"
    },
    {
      "pair_id": "airline:3",
      "fault_family": "airline_missing_user_id",
      "fault_relevance": "reference_path_or_operation_aligned",
      "tool_name": "get_user_details",
      "arguments_sha256": "f1bf1344c55d4e16a1346c09af19dafc1c0148883c8fd1cf310dd50bbff86ccf",
      "runtime_tool_type": "read",
      "runtime_tool_mutates_state": false,
      "tool_error_observed": true,
      "agent_database_before": "124e39a664b56402bcd09cb8a6a9cece6acb8462337c969799d5658e3250f263",
      "agent_database_after": "124e39a664b56402bcd09cb8a6a9cece6acb8462337c969799d5658e3250f263",
      "agent_database_unchanged": true,
      "user_database_before": null,
      "user_database_after": null,
      "user_database_unchanged": true,
      "tool_response": "Error: User user_2832e4188f7f9b31 not found"
    },
    {
      "pair_id": "airline:42",
      "fault_family": "airline_missing_user_id",
      "fault_relevance": "reference_path_or_operation_aligned",
      "tool_name": "get_user_details",
      "arguments_sha256": "86084c826952e60971e76361c189cd09a4c026273db032395c20dc0a0f05c086",
      "runtime_tool_type": "read",
      "runtime_tool_mutates_state": false,
      "tool_error_observed": true,
      "agent_database_before": "124e39a664b56402bcd09cb8a6a9cece6acb8462337c969799d5658e3250f263",
      "agent_database_after": "124e39a664b56402bcd09cb8a6a9cece6acb8462337c969799d5658e3250f263",
      "agent_database_unchanged": true,
      "user_database_before": null,
      "user_database_after": null,
      "user_database_unchanged": true,
      "tool_response": "Error: User user_5d0108fe1691f1c7 not found"
    },
    {
      "pair_id": "airline:41",
      "fault_family": "airline_missing_reservation_id",
      "fault_relevance": "reference_path_or_operation_aligned",
      "tool_name": "get_reservation_details",
      "arguments_sha256": "0fa41cd67f09a7748c55974fb7ba3b13dee9e802234506824f00c5e60f857f6f",
      "runtime_tool_type": "read",
      "runtime_tool_mutates_state": false,
      "tool_error_observed": true,
      "agent_database_before": "124e39a664b56402bcd09cb8a6a9cece6acb8462337c969799d5658e3250f263",
      "agent_database_after": "124e39a664b56402bcd09cb8a6a9cece6acb8462337c969799d5658e3250f263",
      "agent_database_unchanged": true,
      "user_database_before": null,
      "user_database_after": null,
      "user_database_unchanged": true,
      "tool_response": "Error: Reservation C762DE not found"
    },
    {
      "pair_id": "airline:7",
      "fault_family": "airline_missing_flight_number",
      "fault_relevance": "reference_path_or_operation_aligned",
      "tool_name": "get_flight_status",
      "arguments_sha256": "c708371cf22a4807b7d8f5d4ea36032684dacda0c54b4ae2bcb93da028e4d9f2",
      "runtime_tool_type": "read",
      "runtime_tool_mutates_state": false,
      "tool_error_observed": true,
      "agent_database_before": "124e39a664b56402bcd09cb8a6a9cece6acb8462337c969799d5658e3250f263",
      "agent_database_after": "124e39a664b56402bcd09cb8a6a9cece6acb8462337c969799d5658e3250f263",
      "agent_database_unchanged": true,
      "user_database_before": null,
      "user_database_after": null,
      "user_database_unchanged": true,
      "tool_response": "Error: Flight HAT923 not found"
    },
    {
      "pair_id": "airline:39",
      "fault_family": "airline_missing_user_id",
      "fault_relevance": "reference_path_or_operation_aligned",
      "tool_name": "get_user_details",
      "arguments_sha256": "03a93aadc9a3aeeea9427e63f433ce798594d3654bfc64314243362d9ea0c06b",
      "runtime_tool_type": "read",
      "runtime_tool_mutates_state": false,
      "tool_error_observed": true,
      "agent_database_before": "124e39a664b56402bcd09cb8a6a9cece6acb8462337c969799d5658e3250f263",
      "agent_database_after": "124e39a664b56402bcd09cb8a6a9cece6acb8462337c969799d5658e3250f263",
      "agent_database_unchanged": true,
      "user_database_before": null,
      "user_database_after": null,
      "user_database_unchanged": true,
      "tool_response": "Error: User user_f64946ad06bc1b55 not found"
    }
  ]
}
V5.3-12h screen stopped: screen-user_and_judge-long did not return one clean tool call
