{
  "protocol": "qlora_v2",
  "test_file_sha256": "0da63463a65d3b377b3ef3a7e0032a8ffabdc8ab3e439c33850a1eea1ee8fd96",
  "formal_test_examples": 959,
  "evaluated_examples": 959,
  "model": "Qwen/Qwen2.5-0.5B-Instruct",
  "model_revision": "7ae557604adf67be50417f59c2c2f167def9a775",
  "checkpoint_fingerprint": "base_model",
  "base_model_loading": "nf4_4bit",
  "max_prompt_tokens": 1664,
  "generation": {
    "do_sample": false,
    "max_new_tokens": 128,
    "batch_size": 1
  },
  "limited": false,
  "claim_boundary": "offline held-out next-tool-call imitation; not executable agent success",
  "groups": {
    "overall": {
      "examples": 959,
      "tasks": 22,
      "micro": {
        "json_valid": 0.17518248175182483,
        "tool_name_correct": 0.061522419186652764,
        "arguments_exact": 0.006256517205422315,
        "full_call_exact": 0.006256517205422315
      },
      "task_macro": {
        "json_valid": 0.1736005627192905,
        "tool_name_correct": 0.05941788386572799,
        "arguments_exact": 0.01255952762295257,
        "full_call_exact": 0.01255952762295257
      },
      "task_cluster_bootstrap_95": {
        "json_valid": [
          0.14798478785437208,
          0.205414874314489
        ],
        "tool_name_correct": [
          0.03779906632950787,
          0.08949251766438313
        ],
        "arguments_exact": [
          0.0009987539661130166,
          0.013961757442721897
        ],
        "full_call_exact": [
          0.0009987539661130166,
          0.013961757442721897
        ]
      }
    },
    "recovery": {
      "examples": 53,
      "tasks": 15,
      "micro": {
        "json_valid": 0.5849056603773585,
        "tool_name_correct": 0.18867924528301888,
        "arguments_exact": 0.07547169811320754,
        "full_call_exact": 0.07547169811320754
      },
      "task_macro": {
        "json_valid": 0.6714646464646463,
        "tool_name_correct": 0.1998989898989899,
        "arguments_exact": 0.07777777777777777,
        "full_call_exact": 0.07777777777777777
      },
      "task_cluster_bootstrap_95": {
        "json_valid": [
          0.4507042253521127,
          0.7878787878787878
        ],
        "tool_name_correct": [
          0.06382134414049306,
          0.3409229490022172
        ],
        "arguments_exact": [
          0.0,
          0.20512820512820512
        ],
        "full_call_exact": [
          0.0,
          0.20512820512820512
        ]
      }
    },
    "agent_initiated": {
      "examples": 13,
      "tasks": 7,
      "micro": {
        "json_valid": 0.46153846153846156,
        "tool_name_correct": 0.15384615384615385,
        "arguments_exact": 0.07692307692307693,
        "full_call_exact": 0.07692307692307693
      },
      "task_macro": {
        "json_valid": 0.47619047619047616,
        "tool_name_correct": 0.14285714285714285,
        "arguments_exact": 0.07142857142857142,
        "full_call_exact": 0.07142857142857142
      },
      "task_cluster_bootstrap_95": {
        "json_valid": [
          0.13333333333333333,
          0.8181818181818182
        ],
        "tool_name_correct": [
          0.0,
          0.46153846153846156
        ],
        "arguments_exact": [
          0.0,
          0.23076923076923078
        ],
        "full_call_exact": [
          0.0,
          0.23076923076923078
        ]
      }
    },
    "user_assisted": {
      "examples": 40,
      "tasks": 14,
      "micro": {
        "json_valid": 0.625,
        "tool_name_correct": 0.2,
        "arguments_exact": 0.075,
        "full_call_exact": 0.075
      },
      "task_macro": {
        "json_valid": 0.6845238095238094,
        "tool_name_correct": 0.20833333333333331,
        "arguments_exact": 0.08333333333333333,
        "full_call_exact": 0.08333333333333333
      },
      "task_cluster_bootstrap_95": {
        "json_valid": [
          0.43902439024390244,
          0.8333333333333334
        ],
        "tool_name_correct": [
          0.0625,
          0.34210526315789475
        ],
        "arguments_exact": [
          0.0,
          0.20698729582577083
        ],
        "full_call_exact": [
          0.0,
          0.20698729582577083
        ]
      }
    }
  }
}