{
  "protocol": "qlora_v2",
  "test_file_sha256": "0da63463a65d3b377b3ef3a7e0032a8ffabdc8ab3e439c33850a1eea1ee8fd96",
  "formal_test_examples": 959,
  "evaluated_examples": 959,
  "model": "Qwen/Qwen2.5-0.5B-Instruct",
  "model_revision": "7ae557604adf67be50417f59c2c2f167def9a775",
  "checkpoint_fingerprint": "ac05e78e84e859f6e0e7deef224e25d4d7dbaeeedb26e46168a8e171704bff4f",
  "base_model_loading": "nf4_4bit",
  "max_prompt_tokens": 1664,
  "generation": {
    "do_sample": false,
    "max_new_tokens": 128,
    "batch_size": 1
  },
  "limited": false,
  "claim_boundary": "offline held-out next-tool-call imitation; not executable agent success",
  "groups": {
    "overall": {
      "examples": 959,
      "tasks": 22,
      "micro": {
        "json_valid": 0.9927007299270073,
        "tool_name_correct": 0.5995828988529719,
        "arguments_exact": 0.2857142857142857,
        "full_call_exact": 0.28154327424400416
      },
      "task_macro": {
        "json_valid": 0.9912737105022319,
        "tool_name_correct": 0.621487638186293,
        "arguments_exact": 0.32263677661705137,
        "full_call_exact": 0.31872952225525153
      },
      "task_cluster_bootstrap_95": {
        "json_valid": [
          0.9866786650565328,
          0.9974094937810445
        ],
        "tool_name_correct": [
          0.5704544342643657,
          0.6351029636758464
        ],
        "arguments_exact": [
          0.23683882671795767,
          0.34491498779206964
        ],
        "full_call_exact": [
          0.23407435574380608,
          0.33831741293532336
        ]
      }
    },
    "recovery": {
      "examples": 53,
      "tasks": 15,
      "micro": {
        "json_valid": 1.0,
        "tool_name_correct": 0.6415094339622641,
        "arguments_exact": 0.6037735849056604,
        "full_call_exact": 0.5849056603773585
      },
      "task_macro": {
        "json_valid": 1.0,
        "tool_name_correct": 0.7680808080808081,
        "arguments_exact": 0.6930808080808081,
        "full_call_exact": 0.687020202020202
      },
      "task_cluster_bootstrap_95": {
        "json_valid": [
          1.0,
          1.0
        ],
        "tool_name_correct": [
          0.5396520146520146,
          0.8
        ],
        "arguments_exact": [
          0.49090909090909085,
          0.7674418604651163
        ],
        "full_call_exact": [
          0.46549902865468673,
          0.7647371714643302
        ]
      }
    },
    "agent_initiated": {
      "examples": 13,
      "tasks": 7,
      "micro": {
        "json_valid": 1.0,
        "tool_name_correct": 0.15384615384615385,
        "arguments_exact": 0.15384615384615385,
        "full_call_exact": 0.15384615384615385
      },
      "task_macro": {
        "json_valid": 1.0,
        "tool_name_correct": 0.19047619047619047,
        "arguments_exact": 0.19047619047619047,
        "full_call_exact": 0.19047619047619047
      },
      "task_cluster_bootstrap_95": {
        "json_valid": [
          1.0,
          1.0
        ],
        "tool_name_correct": [
          0.0,
          0.36363636363636365
        ],
        "arguments_exact": [
          0.0,
          0.36363636363636365
        ],
        "full_call_exact": [
          0.0,
          0.36363636363636365
        ]
      }
    },
    "user_assisted": {
      "examples": 40,
      "tasks": 14,
      "micro": {
        "json_valid": 1.0,
        "tool_name_correct": 0.8,
        "arguments_exact": 0.75,
        "full_call_exact": 0.725
      },
      "task_macro": {
        "json_valid": 1.0,
        "tool_name_correct": 0.8660714285714286,
        "arguments_exact": 0.7827380952380952,
        "full_call_exact": 0.7738095238095238
      },
      "task_cluster_bootstrap_95": {
        "json_valid": [
          1.0,
          1.0
        ],
        "tool_name_correct": [
          0.6808510638297872,
          0.9487179487179487
        ],
        "arguments_exact": [
          0.6101591566763126,
          0.9142857142857143
        ],
        "full_call_exact": [
          0.5806290322580646,
          0.9142857142857143
        ]
      }
    }
  }
}