{
  "protocol": "qlora_v4",
  "training_and_evaluation_protocol": "qlora_v2_frozen",
  "test_file_sha256": "0da63463a65d3b377b3ef3a7e0032a8ffabdc8ab3e439c33850a1eea1ee8fd96",
  "formal_test_examples": 959,
  "evaluated_examples": 959,
  "model": "Qwen/Qwen2.5-0.5B-Instruct",
  "model_revision": "7ae557604adf67be50417f59c2c2f167def9a775",
  "checkpoint_fingerprint": "df0fef8f8cc8fd95a3abceccaad32b211125240881b3a850372d2e23f3a71a93",
  "base_model_loading": "nf4_4bit",
  "max_prompt_tokens": 1664,
  "generation": {
    "do_sample": false,
    "max_new_tokens": 128,
    "batch_size": 1
  },
  "limited": false,
  "claim_boundary": "diagnostic offline held-out next-tool-call imitation on an already inspected V2 test set; not paper-final or executable agent success",
  "predictions_sha256": "7016c51668c60d231303852312d6df9f6d2a14747ed59d7f2fe51b4272fd8fac",
  "resume_recovery_events": 0,
  "resume_recovery_audit": [],
  "groups": {
    "overall": {
      "examples": 959,
      "tasks": 22,
      "micro": {
        "json_valid": 0.9812304483837331,
        "tool_name_correct": 0.5286757038581856,
        "arguments_exact": 0.251303441084463,
        "full_call_exact": 0.24817518248175183
      },
      "task_macro": {
        "json_valid": 0.9786761028031052,
        "tool_name_correct": 0.5293318465123257,
        "arguments_exact": 0.27296254704980283,
        "full_call_exact": 0.269666878499897
      },
      "task_cluster_bootstrap_95": {
        "json_valid": [
          0.9702007994880886,
          0.9911015804551949
        ],
        "tool_name_correct": [
          0.4771054090840349,
          0.5733471048630325
        ],
        "arguments_exact": [
          0.20832582389289395,
          0.29849759192650566
        ],
        "full_call_exact": [
          0.2060774770596199,
          0.2947678376906317
        ]
      }
    },
    "non_recovery": {
      "examples": 906,
      "tasks": 22,
      "micro": {
        "json_valid": 0.9801324503311258,
        "tool_name_correct": 0.522075055187638,
        "arguments_exact": 0.23509933774834438,
        "full_call_exact": 0.23289183222958057
      },
      "task_macro": {
        "json_valid": 0.9775817961671585,
        "tool_name_correct": 0.524284984820139,
        "arguments_exact": 0.2559203356659996,
        "full_call_exact": 0.2532559802474069
      },
      "task_cluster_bootstrap_95": {
        "json_valid": [
          0.967016236262024,
          0.9909403472629283
        ],
        "tool_name_correct": [
          0.46707645159781036,
          0.5713028623001547
        ],
        "arguments_exact": [
          0.1927653152934318,
          0.28375238368117417
        ],
        "full_call_exact": [
          0.1907798108888768,
          0.28081210322443445
        ]
      }
    },
    "recovery": {
      "examples": 53,
      "tasks": 15,
      "micro": {
        "json_valid": 1.0,
        "tool_name_correct": 0.6415094339622641,
        "arguments_exact": 0.5283018867924528,
        "full_call_exact": 0.5094339622641509
      },
      "task_macro": {
        "json_valid": 1.0,
        "tool_name_correct": 0.697929292929293,
        "arguments_exact": 0.6292424242424242,
        "full_call_exact": 0.6231818181818182
      },
      "task_cluster_bootstrap_95": {
        "json_valid": [
          1.0,
          1.0
        ],
        "tool_name_correct": [
          0.492026055705301,
          0.8095238095238095
        ],
        "arguments_exact": [
          0.4067796610169492,
          0.717948717948718
        ],
        "full_call_exact": [
          0.375,
          0.7174052396878482
        ]
      }
    },
    "agent_initiated": {
      "examples": 13,
      "tasks": 7,
      "micro": {
        "json_valid": 1.0,
        "tool_name_correct": 0.15384615384615385,
        "arguments_exact": 0.07692307692307693,
        "full_call_exact": 0.07692307692307693
      },
      "task_macro": {
        "json_valid": 1.0,
        "tool_name_correct": 0.19047619047619047,
        "arguments_exact": 0.14285714285714285,
        "full_call_exact": 0.14285714285714285
      },
      "task_cluster_bootstrap_95": {
        "json_valid": [
          1.0,
          1.0
        ],
        "tool_name_correct": [
          0.0,
          0.375
        ],
        "arguments_exact": [
          0.0,
          0.3
        ],
        "full_call_exact": [
          0.0,
          0.3
        ]
      }
    },
    "user_assisted": {
      "examples": 40,
      "tasks": 14,
      "micro": {
        "json_valid": 1.0,
        "tool_name_correct": 0.8,
        "arguments_exact": 0.675,
        "full_call_exact": 0.65
      },
      "task_macro": {
        "json_valid": 1.0,
        "tool_name_correct": 0.8125,
        "arguments_exact": 0.7261904761904763,
        "full_call_exact": 0.7172619047619049
      },
      "task_cluster_bootstrap_95": {
        "json_valid": [
          1.0,
          1.0
        ],
        "tool_name_correct": [
          0.6216216216216216,
          0.967741935483871
        ],
        "arguments_exact": [
          0.5172135706340378,
          0.8709677419354839
        ],
        "full_call_exact": [
          0.4827586206896552,
          0.8709677419354839
        ]
      }
    }
  },
  "runtime_memory": {
    "peak_cuda_memory_allocated_bytes": 637161472,
    "peak_cuda_memory_reserved_bytes": 731906048
  }
}
