{
  "protocol": "qlora_v3",
  "valid": true,
  "claim_boundary": "offline next-tool-call imitation on an already inspected test set; not executable Agent success and not confirmatory paper evidence",
  "errors": [],
  "v3": {
    "arm": "constrained_recovery",
    "groups": {
      "overall": {
        "examples": 959,
        "tasks": 22,
        "micro": {
          "json_valid": 0.9989572471324296,
          "tool_name_correct": 0.5964546402502607,
          "arguments_exact": 0.3180396246089677,
          "full_call_exact": 0.310740354535975
        },
        "task_macro": {
          "json_valid": 0.9994949494949494,
          "tool_name_correct": 0.6227291264982797,
          "arguments_exact": 0.3424205337339806,
          "full_call_exact": 0.3360766877506362
        }
      },
      "non_recovery": {
        "examples": 906,
        "tasks": 22,
        "micro": {
          "json_valid": 0.9988962472406181,
          "tool_name_correct": 0.5949227373068433,
          "arguments_exact": 0.30242825607064017,
          "full_call_exact": 0.2969094922737307
        },
        "task_macro": {
          "json_valid": 0.9994456762749446,
          "tool_name_correct": 0.6229789966224918,
          "arguments_exact": 0.32889563562062785,
          "full_call_exact": 0.32374048202636624
        }
      },
      "recovery": {
        "examples": 53,
        "tasks": 15,
        "micro": {
          "json_valid": 1.0,
          "tool_name_correct": 0.6226415094339622,
          "arguments_exact": 0.5849056603773585,
          "full_call_exact": 0.5471698113207547
        },
        "task_macro": {
          "json_valid": 1.0,
          "tool_name_correct": 0.6941414141414141,
          "arguments_exact": 0.619141414141414,
          "full_call_exact": 0.607020202020202
        }
      },
      "agent_initiated": {
        "examples": 13,
        "tasks": 7,
        "micro": {
          "json_valid": 1.0,
          "tool_name_correct": 0.0,
          "arguments_exact": 0.0,
          "full_call_exact": 0.0
        },
        "task_macro": {
          "json_valid": 1.0,
          "tool_name_correct": 0.0,
          "arguments_exact": 0.0,
          "full_call_exact": 0.0
        }
      },
      "user_assisted": {
        "examples": 40,
        "tasks": 14,
        "micro": {
          "json_valid": 1.0,
          "tool_name_correct": 0.825,
          "arguments_exact": 0.775,
          "full_call_exact": 0.725
        },
        "task_macro": {
          "json_valid": 1.0,
          "tool_name_correct": 0.875,
          "arguments_exact": 0.7916666666666667,
          "full_call_exact": 0.7738095238095238
        }
      }
    },
    "metrics_path": "results\\qlora_v3\\constrained_recovery\\metrics.json"
  },
  "v2_reference": {
    "status": "compatible",
    "note": "Compatible V2 random_success predictions were rescored and paired by example ID.",
    "root": "D:\\recovery-aware-trajectory-selection-v2\\results\\qlora_v2",
    "groups": {
      "overall": {
        "examples": 959,
        "tasks": 22,
        "micro": {
          "json_valid": 0.9979144942648592,
          "tool_name_correct": 0.6173096976016684,
          "arguments_exact": 0.33368091762252344,
          "full_call_exact": 0.3305526590198123
        },
        "task_macro": {
          "json_valid": 0.9969462062485319,
          "tool_name_correct": 0.6329166807088119,
          "arguments_exact": 0.3575207614830643,
          "full_call_exact": 0.35424482025257764
        }
      },
      "non_recovery": {
        "examples": 906,
        "tasks": 22,
        "micro": {
          "json_valid": 0.9988962472406181,
          "tool_name_correct": 0.6169977924944813,
          "arguments_exact": 0.31788079470198677,
          "full_call_exact": 0.31567328918322296
        },
        "task_macro": {
          "json_valid": 0.9973262032085561,
          "tool_name_correct": 0.6349284961795417,
          "arguments_exact": 0.3445238777754239,
          "full_call_exact": 0.34187924967625033
        }
      },
      "recovery": {
        "examples": 53,
        "tasks": 15,
        "micro": {
          "json_valid": 0.9811320754716981,
          "tool_name_correct": 0.6226415094339622,
          "arguments_exact": 0.6037735849056604,
          "full_call_exact": 0.5849056603773585
        },
        "task_macro": {
          "json_valid": 0.9777777777777777,
          "tool_name_correct": 0.6941414141414141,
          "arguments_exact": 0.6858080808080806,
          "full_call_exact": 0.6797474747474747
        }
      },
      "agent_initiated": {
        "examples": 13,
        "tasks": 7,
        "micro": {
          "json_valid": 0.9230769230769231,
          "tool_name_correct": 0.0,
          "arguments_exact": 0.0,
          "full_call_exact": 0.0
        },
        "task_macro": {
          "json_valid": 0.8571428571428571,
          "tool_name_correct": 0.0,
          "arguments_exact": 0.0,
          "full_call_exact": 0.0
        }
      },
      "user_assisted": {
        "examples": 40,
        "tasks": 14,
        "micro": {
          "json_valid": 1.0,
          "tool_name_correct": 0.825,
          "arguments_exact": 0.8,
          "full_call_exact": 0.775
        },
        "task_macro": {
          "json_valid": 1.0,
          "tool_name_correct": 0.875,
          "arguments_exact": 0.8630952380952381,
          "full_call_exact": 0.8541666666666667
        }
      }
    }
  },
  "paired_comparison": {
    "overall": {
      "examples": 959,
      "metrics": {
        "tool_name_correct": {
          "v3": 0.5964546402502607,
          "v2_random_success": 0.6173096976016684,
          "delta_v3_minus_v2": -0.02085505735140769,
          "v3_only_correct": 47,
          "v2_only_correct": 67,
          "paired_ties": 845,
          "task_cluster_bootstrap_95_delta": [
            -0.04588756133987625,
            0.005052447552447542
          ]
        },
        "full_call_exact": {
          "v3": 0.310740354535975,
          "v2_random_success": 0.3305526590198123,
          "delta_v3_minus_v2": -0.019812304483837306,
          "v3_only_correct": 13,
          "v2_only_correct": 32,
          "paired_ties": 914,
          "task_cluster_bootstrap_95_delta": [
            -0.04024252147958843,
            -0.002432955721557683
          ]
        }
      }
    },
    "non_recovery": {
      "examples": 906,
      "metrics": {
        "tool_name_correct": {
          "v3": 0.5949227373068433,
          "v2_random_success": 0.6169977924944813,
          "delta_v3_minus_v2": -0.02207505518763797,
          "v3_only_correct": 46,
          "v2_only_correct": 66,
          "paired_ties": 794,
          "task_cluster_bootstrap_95_delta": [
            -0.05198388455866863,
            0.00495818426907594
          ]
        },
        "full_call_exact": {
          "v3": 0.2969094922737307,
          "v2_random_success": 0.31567328918322296,
          "delta_v3_minus_v2": -0.01876379690949226,
          "v3_only_correct": 13,
          "v2_only_correct": 30,
          "paired_ties": 863,
          "task_cluster_bootstrap_95_delta": [
            -0.03953336408364084,
            0.0
          ]
        }
      }
    },
    "recovery": {
      "examples": 53,
      "metrics": {
        "tool_name_correct": {
          "v3": 0.6226415094339622,
          "v2_random_success": 0.6226415094339622,
          "delta_v3_minus_v2": 0.0,
          "v3_only_correct": 1,
          "v2_only_correct": 1,
          "paired_ties": 51,
          "task_cluster_bootstrap_95_delta": [
            0.0,
            0.0
          ]
        },
        "full_call_exact": {
          "v3": 0.5471698113207547,