{
  "protocol": "qlora_v2",
  "test_file_sha256": "0da63463a65d3b377b3ef3a7e0032a8ffabdc8ab3e439c33850a1eea1ee8fd96",
  "formal_test_examples": 959,
  "evaluated_examples": 959,
  "model": "Qwen/Qwen2.5-0.5B-Instruct",
  "model_revision": "7ae557604adf67be50417f59c2c2f167def9a775",
  "checkpoint_fingerprint": "f0a4d03b660d0e86265b66e64fa7f988cbce9cb419c9a63e9f201ca26f84559f",
  "base_model_loading": "nf4_4bit",
  "max_prompt_tokens": 1664,
  "generation": {
    "do_sample": false,
    "max_new_tokens": 128,
    "batch_size": 1
  },
  "limited": false,
  "claim_boundary": "offline held-out next-tool-call imitation; not executable agent success",
  "groups": {
    "overall": {
      "examples": 959,
      "tasks": 22,
      "micro": {
        "json_valid": 0.9979144942648592,
        "tool_name_correct": 0.6173096976016684,
        "arguments_exact": 0.33368091762252344,
        "full_call_exact": 0.3305526590198123
      },
      "task_macro": {
        "json_valid": 0.9969462062485319,
        "tool_name_correct": 0.6329166807088119,
        "arguments_exact": 0.3575207614830643,
        "full_call_exact": 0.35424482025257764
      },
      "task_cluster_bootstrap_95": {
        "json_valid": [
          0.9947300349752258,
          1.0
        ],
        "tool_name_correct": [
          0.5768248329002955,
          0.6617870613876355
        ],
        "arguments_exact": [
          0.2899693018082296,
          0.38935935828876994
        ],
        "full_call_exact": [
          0.28774276654776065,
          0.38525952439582084
        ]
      }
    },
    "recovery": {
      "examples": 53,
      "tasks": 15,
      "micro": {
        "json_valid": 0.9811320754716981,
        "tool_name_correct": 0.6226415094339622,
        "arguments_exact": 0.6037735849056604,
        "full_call_exact": 0.5849056603773585
      },
      "task_macro": {
        "json_valid": 0.9777777777777777,
        "tool_name_correct": 0.6941414141414141,
        "arguments_exact": 0.6858080808080806,
        "full_call_exact": 0.6797474747474747
      },
      "task_cluster_bootstrap_95": {
        "json_valid": [
          0.9272727272727272,
          1.0
        ],
        "tool_name_correct": [
          0.5217391304347826,
          0.7631578947368421
        ],
        "arguments_exact": [
          0.49055678875323716,
          0.7608695652173914
        ],
        "full_call_exact": [
          0.47058823529411764,
          0.7555691056910568
        ]
      }
    },
    "agent_initiated": {
      "examples": 13,
      "tasks": 7,
      "micro": {
        "json_valid": 0.9230769230769231,
        "tool_name_correct": 0.0,
        "arguments_exact": 0.0,
        "full_call_exact": 0.0
      },
      "task_macro": {
        "json_valid": 0.8571428571428571,
        "tool_name_correct": 0.0,
        "arguments_exact": 0.0,
        "full_call_exact": 0.0
      },
      "task_cluster_bootstrap_95": {
        "json_valid": [
          0.7,
          1.0
        ],
        "tool_name_correct": [
          0.0,
          0.0
        ],
        "arguments_exact": [
          0.0,
          0.0
        ],
        "full_call_exact": [
          0.0,
          0.0
        ]
      }
    },
    "user_assisted": {
      "examples": 40,
      "tasks": 14,
      "micro": {
        "json_valid": 1.0,
        "tool_name_correct": 0.825,
        "arguments_exact": 0.8,
        "full_call_exact": 0.775
      },
      "task_macro": {
        "json_valid": 1.0,
        "tool_name_correct": 0.875,
        "arguments_exact": 0.8630952380952381,
        "full_call_exact": 0.8541666666666667
      },
      "task_cluster_bootstrap_95": {
        "json_valid": [
          1.0,
          1.0
        ],
        "tool_name_correct": [
          0.714217032967033,
          0.95
        ],
        "arguments_exact": [
          0.6665,
          0.95
        ],
        "full_call_exact": [
          0.6410000000000001,
          0.9460152460152457
        ]
      }
    }
  }
}