{
  "protocol": "qlora_v2",
  "test_file_sha256": "0da63463a65d3b377b3ef3a7e0032a8ffabdc8ab3e439c33850a1eea1ee8fd96",
  "formal_test_examples": 959,
  "evaluated_examples": 959,
  "model": "Qwen/Qwen2.5-0.5B-Instruct",
  "model_revision": "7ae557604adf67be50417f59c2c2f167def9a775",
  "checkpoint_fingerprint": "4fa888eec90382c3b0c93bfe3202206087c3a5bfb589c57cc32b3d05947936b6",
  "base_model_loading": "nf4_4bit",
  "max_prompt_tokens": 1664,
  "generation": {
    "do_sample": false,
    "max_new_tokens": 128,
    "batch_size": 1
  },
  "limited": false,
  "claim_boundary": "offline held-out next-tool-call imitation; not executable agent success",
  "groups": {
    "overall": {
      "examples": 959,
      "tasks": 22,
      "micro": {
        "json_valid": 0.9979144942648592,
        "tool_name_correct": 0.5714285714285714,
        "arguments_exact": 0.25547445255474455,
        "full_call_exact": 0.2523461939520334
      },
      "task_macro": {
        "json_valid": 0.9979450524905071,
        "tool_name_correct": 0.6002646656104766,
        "arguments_exact": 0.29005863705983836,
        "full_call_exact": 0.2869778289790303
      },
      "task_cluster_bootstrap_95": {
        "json_valid": [
          0.9945708229806509,
          1.0
        ],
        "tool_name_correct": [
          0.5248808659562226,
          0.615476011613291
        ],
        "arguments_exact": [
          0.2176334948649149,
          0.3030354079882382
        ],
        "full_call_exact": [
          0.21474768975013286,
          0.2984165946639436
        ]
      }
    },
    "recovery": {
      "examples": 53,
      "tasks": 15,
      "micro": {
        "json_valid": 1.0,
        "tool_name_correct": 0.5849056603773585,
        "arguments_exact": 0.6037735849056604,
        "full_call_exact": 0.5660377358490566
      },
      "task_macro": {
        "json_valid": 1.0,
        "tool_name_correct": 0.7509595959595959,
        "arguments_exact": 0.7547474747474747,
        "full_call_exact": 0.7426262626262626
      },
      "task_cluster_bootstrap_95": {
        "json_valid": [
          1.0,
          1.0
        ],
        "tool_name_correct": [
          0.44642857142857145,
          0.8077127659574467
        ],
        "arguments_exact": [
          0.46510809040288237,
          0.805608974358974
        ],
        "full_call_exact": [
          0.41818181818181815,
          0.8055555555555556
        ]
      }
    },
    "agent_initiated": {
      "examples": 13,
      "tasks": 7,
      "micro": {
        "json_valid": 1.0,
        "tool_name_correct": 0.15384615384615385,
        "arguments_exact": 0.15384615384615385,
        "full_call_exact": 0.15384615384615385
      },
      "task_macro": {
        "json_valid": 1.0,
        "tool_name_correct": 0.21428571428571427,
        "arguments_exact": 0.21428571428571427,
        "full_call_exact": 0.21428571428571427
      },
      "task_cluster_bootstrap_95": {
        "json_valid": [
          1.0,
          1.0
        ],
        "tool_name_correct": [
          0.0,
          0.38461538461538464
        ],
        "arguments_exact": [
          0.0,
          0.38461538461538464
        ],
        "full_call_exact": [
          0.0,
          0.38461538461538464
        ]
      }
    },
    "user_assisted": {
      "examples": 40,
      "tasks": 14,
      "micro": {
        "json_valid": 1.0,
        "tool_name_correct": 0.725,
        "arguments_exact": 0.75,
        "full_call_exact": 0.7
      },
      "task_macro": {
        "json_valid": 1.0,
        "tool_name_correct": 0.8363095238095238,
        "arguments_exact": 0.8422619047619049,
        "full_call_exact": 0.824404761904762
      },
      "task_cluster_bootstrap_95": {
        "json_valid": [
          1.0,
          1.0
        ],
        "tool_name_correct": [
          0.5625,
          0.9460152460152457
        ],
        "arguments_exact": [
          0.5832848837209302,
          0.9460152460152457
        ],
        "full_call_exact": [
          0.5262828947368421,
          0.9460152460152457
        ]
      }
    }
  }
}