{
  "protocol": "qlora_v2",
  "valid": true,
  "errors": [],
  "arms": [
    {
      "arm": "base_model",
      "status": "complete",
      "json_valid": 0.17518248175182483,
      "tool_accuracy": 0.061522419186652764,
      "full_call_exact": 0.006256517205422315,
      "task_macro_full_call_exact": 0.01255952762295257,
      "full_call_ci_low": 0.0009987539661130166,
      "full_call_ci_high": 0.013961757442721897,
      "recovery_examples": 53,
      "recovery_full_call_exact": 0.07547169811320754,
      "agent_examples": 13,
      "agent_full_call_exact": 0.07692307692307693,
      "errors": "OK"
    },
    {
      "arm": "random_success",
      "status": "complete",
      "json_valid": 0.9979144942648592,
      "tool_accuracy": 0.6173096976016684,
      "full_call_exact": 0.3305526590198123,
      "task_macro_full_call_exact": 0.35424482025257764,
      "full_call_ci_low": 0.28774276654776065,
      "full_call_ci_high": 0.38525952439582084,
      "recovery_examples": 53,
      "recovery_full_call_exact": 0.5849056603773585,
      "agent_examples": 13,
      "agent_full_call_exact": 0.0,
      "errors": "OK"
    },
    {
      "arm": "shortest_success",
      "status": "complete",
      "json_valid": 0.9927007299270073,
      "tool_accuracy": 0.5995828988529719,
      "full_call_exact": 0.28154327424400416,
      "task_macro_full_call_exact": 0.31872952225525153,
      "full_call_ci_low": 0.23407435574380608,
      "full_call_ci_high": 0.33831741293532336,
      "recovery_examples": 53,
      "recovery_full_call_exact": 0.5849056603773585,
      "agent_examples": 13,
      "agent_full_call_exact": 0.15384615384615385,
      "errors": "OK"
    },
    {
      "arm": "recovery_coverage",
      "status": "complete",
      "json_valid": 0.9979144942648592,
      "tool_accuracy": 0.5714285714285714,
      "full_call_exact": 0.2523461939520334,
      "task_macro_full_call_exact": 0.2869778289790303,
      "full_call_ci_low": 0.21474768975013286,
      "full_call_ci_high": 0.2984165946639436,
      "recovery_examples": 53,
      "recovery_full_call_exact": 0.5660377358490566,
      "agent_examples": 13,
      "agent_full_call_exact": 0.15384615384615385,
      "errors": "OK"
    }
  ]
}